용어,용어설명,분류
냉각재상실사고,"""냉각재상실사고""란 원자로 냉각재계통의 가장 큰 배관의 양단 파단을 포함하여 원자로 냉각재 압력 경계에 속하는 배관의 파단으로 인해 상실되는 원자로 냉각재의 양이 원자로냉각재 보충계통의 보충용량을 초과함으로써 야기되는 가상적인 사고를 의미한다.",[가압경수로의 비상노심냉각계통의 성능에 관한 기준]
평가방법,"""평가방법""이란 가상적인 냉각재상실사고 동안의 원자로 계통의 거동을 평가하기 위한 계산체제를 의미한다. 이것은 특정한 냉각재상실사고에 대해 계산 체제를 적용시키는데 필요한 한 개 또는 그 이상의 전산 프로그램과 모든 관련 자료를 포함한다. 즉, 사용된 수학적 모델, 전산 프로그램에 포함된 가정들, 프로그램의 입력, 출력 정보를 취급하는 절차, 전산 프로그램에 포함되지 않은 해석부분에 대한 자세한 기술, 변수값, 기타 계산절차를 명시하는데 필요한 모든 정보를 포함한다.",[가압경수로의 비상노심냉각계통의 성능에 관한 기준]
선량판독,"""선량판독""이라 함은 종사자등이 일정 기간 착용한 개인선량계(이하 ""선량계""라 한다)를 회수하여 피폭방사선량을 산출하는 것을 말한다.",[개인 피폭방사선량의 평가 및 관리에 관한 규정]
판독특이자,"""판독특이자""라 함은 다음 각 목의 1에 해당하는 종사자등을 말한다.",[개인 피폭방사선량의 평가 및 관리에 관한 규정]
사업자 추정선량,"""사업자 추정선량""이라 함은 해당 사업자가 판독특이자에 대한 조사·평가 결과 실제 피폭이 아닌 것으로 판단되거나 선량판독이 불가능한 경우, 해당 판독특이자에 대한 자료 및 방사선작업 조건 검토, 동일 작업의 평가 등에 근거하여 합리적으로 추정한 피폭방사선량을 말한다.",[개인 피폭방사선량의 평가 및 관리에 관한 규정]
폐기밀봉선원,"""폐기밀봉선원""이란 밀봉된 방사성동위원소로서 방사능농도가 감쇄되어 사용가치가 없거나 사업의 일부 또는 전부를 휴지 또는 폐기함으로써 폐기의 대상이 되는 밀봉선원을 말한다.","[과학기술처 고시 제1990-7호 방사성동위원소 폐기물분류, 수거 및 인도 규정]"
수거용기,"""수거용기""란 수거업자가 동위원소폐기물의 처리 또는 처분을 위한 수거를 목적으로 동위원소폐기물 발생자에게 배포한 동위원소폐기물 수거용기를 말한다.","[과학기술처 고시 제1990-7호 방사성동위원소 폐기물분류, 수거 및 인도 규정]"
Hepatitis 폐기물,"""Hepatitis 폐기물""이란 방사성동위원소를 간염진단, 치료 또는 간염연구 등에 사용하여 생긴 동위원소폐기물을 말한다.","[과학기술처 고시 제1990-7호 방사성동위원소 폐기물분류, 수거 및 인도 규정]"
감사,"""감사""라 함은 절차서, 지시서, 도면 및 기타 관련문서의 적합성과 이행상태를 조사, 검사 및 객관적 자료의 평가등을 통해 확인하는 계획적이고 문서화된 행위를 말한다.",[과학기술처 고시 제1992-17호 방사성폐기물 폐기시설 품질보증기준]
검사,"""검사""라 함은 품목이나 업무가 해당 기준에 따른 적합성 여부를 확인하기 위한 시험 및 측정행위를 말한다.",[과학기술처 고시 제1992-17호 방사성폐기물 폐기시설 품질보증기준]
구매문서,"""구매문서""라 함은 구매요건을 규정하기 위하여 사용되는 구매요구서, 도면, 계약서 및 시방서 또는 지시서를 말한다.",[과학기술처 고시 제1992-17호 방사성폐기물 폐기시설 품질보증기준]
부적격 사항,"""부적격 사항""이라 함은 품목이나 업무의 품질을 불만족하거나 불확실하게 하는 특성, 문서 또는 절차상의 결함을 말한다.",[과학기술처 고시 제1992-17호 방사성폐기물 폐기시설 품질보증기준]
설계변경,"""설계변경""이라 함은 승인·발행된 설계출력문서 및 그의 변경문서에 정의된 기술적 요건의 변경을 말한다.",[과학기술처 고시 제1992-17호 방사성폐기물 폐기시설 품질보증기준]
수리,"""수리""라 함은 어떤 품목이 본래의 요건에 적합하고 신뢰할 수 있는 상태까지 부적합한 특성을 복귀시키는 것을 말한다.",[과학기술처 고시 제1992-17호 방사성폐기물 폐기시설 품질보증기준]
시정조치,"""시정조치""라 함은 품질을 저해하는 조건을 교정하거나 필요한 경우 그 재발방지를 위하여 취하는 조치를 말한다.",[과학기술처 고시 제1992-17호 방사성폐기물 폐기시설 품질보증기준]
시험(Test),"""시험(Test)""이라 함은 어떤 품목의 성능이 물리적·화학적 조건, 환경조건 또는 운전조건하에서 해당요건의 적합성여부를 확인하기 위한 방법이다.",[과학기술처 고시 제1992-17호 방사성폐기물 폐기시설 품질보증기준]
이탈,"""이탈""이라 함은 품목, 작업 또는 용역이 해당 요건에서 벗어난 상태를 말한다.",[과학기술처 고시 제1992-17호 방사성폐기물 폐기시설 품질보증기준]
절차서,"""절차서""라 합은 업무가 어떻게 수행되어야 하는지를 기술한 문서를 말한다.",[과학기술처 고시 제1992-17호 방사성폐기물 폐기시설 품질보증기준]
재작업,"""재작업""이라 함은 어떤 품목을 본래의 요건에 일치되도록 완성 또는 시정하는 것을 말한다.",[과학기술처 고시 제1992-17호 방사성폐기물 폐기시설 품질보증기준]
특수공정,"""특수공정""이라 함은 작업의 결과가 작업의 기량이나 작업관리에 의해 크게 좌우되며, 제품의 품질이 검사나 시험의 방법만으로는 쉽게 확인될 수 없는 작업으로 용접, 열처리, 비파괴검사 등을 말한다.",[과학기술처 고시 제1992-17호 방사성폐기물 폐기시설 품질보증기준]
품목,"""품목""이라 함은 부속품, 조립품, 기기, 장비, 자재, 조립규격품, 부품, 구조물, 계통 또는 단위기기 등의 총칭이다.",[과학기술처 고시 제1992-17호 방사성폐기물 폐기시설 품질보증기준]
품질감독,"""품질감독""이라 함은 품목이나 업무가 해당 요건에 따라 이행되고 있는지의 여부를 확인하기 위한 감시 및 관찰행위를 말한다.",[과학기술처 고시 제1992-17호 방사성폐기물 폐기시설 품질보증기준]
품질보증,"""품질보증""이라 함은 구조물, 계통, 기기 등이 이용과정에서 제 기능을 만족스럽게 발휘할 것이라는 확신을 줄 수 있도록 계획을 세우고 정해진 절차서에 따라 업무를 수행하며 또한 이들 업무가 만족스럽게 수행되는지를 확인, 평가하고 시정조치하는 일련의 체계적인 활동을 말한다.",[과학기술처 고시 제1992-17호 방사성폐기물 폐기시설 품질보증기준]
품질보증기록,"""품질보증기록""이라 함은 품목 또는 품질에 영향을 주는 업무의 품질에 대한 증거를 제공하는 완성된 문서를 말한다.",[과학기술처 고시 제1992-17호 방사성폐기물 폐기시설 품질보증기준]
품질에 영향을 주는 업무,"""품질에 영향을 주는 업무""라 함은 시설의 안전성에 중요한 구조물, 계통 및 기기의 설계, 구매, 제작, 취급, 운송, 저장, 세척, 조립,설치, 검사, 시험, 운전, 보수, 수리 등에 있어서 품질목표를 달성하는 수행기능과 품질보증기능이 포함된다.",[과학기술처 고시 제1992-17호 방사성폐기물 폐기시설 품질보증기준]
판정기준,"""판정기준""이라 함은 규격, 기준 또는 기타 요건에 따라 품목, 작업 또는 용역이 이행되었는지 여부를 판단하는 기준을 말한다.",[과학기술처 고시 제1992-17호 방사성폐기물 폐기시설 품질보증기준]
고농축 우라늄,"""고농축 우라늄""이라 함은 우라늄 동위원소 235를 20퍼센트 이상 함유하고 있는 우라늄을 말한다.",[국제규제물자등의보고에관한규정] 
시설,"""시설""이라 함은 원자로·임계시설·변환공장·가공공장·재처리공장·동위원소 분리공장 또는 분리 저장설비, 또는 1 유효킬로그램 이상의 특정핵물질이 통상적으로 사용되는 모든 지점을 말한다.",[국제규제물자등의보고에관한규정] 
시설외지점,"""시설외지점""이라 함은 1 유효킬로그램 이하의 특정핵물질이 통상적으로 사용되는, 시설이 아닌 설비나 지점을 말한다.",[국제규제물자등의보고에관한규정] 
부지,"""부지""라 함은 시설(폐쇄된 시설 포함)의 설계정보와 특정핵물질을 통상적으로 사용하거나 사용한 적이 있는 시설외지점(이는 핫셀이 있거나, 과거에 변환·농축·핵연료 가공·재처리를 수행한 적이 있는 폐쇄된 시설외지점을 포함한다)의 정보를 고려하여 정부가 지정한 지역을 말한다. 또한, 이는 시설과 함께 위치하는 모든 설비 또는 필수적인 서비스의 제공이나 이용을 위한 장소를 포함한다. 즉, 특정핵물질을 포함하고 있지는 아니하더 라도 조사후 물질의 처리를 위한 핫셀, 방사성폐기물의 처리·저장 및 처분 설비, 그리고 정부가 확인한 국제규제특정물자의 생산활동과 관련 있는 건물을 포함한다.",[국제규제물자등의보고에관한규정] 
폐쇄된 시설 또는 폐쇄된 시설외지점,"""폐쇄된 시설 또는 폐쇄된 시설외지점""이라 함은 가동이 중지되고 특정핵물질은 제거되었으나 해체되지아니한 설비 또는 지점을 말한다.",[국제규제물자등의보고에관한규정] 
유효킬로그램,"""유효킬로그램""이라 함은 특정핵물질의 계량관리에 사용되는 특별단위를 말하며, 유효킬로그램량은 다음 각목과 같이 얻어진다.",[국제규제물자등의보고에관한규정] 
체내섭취,"""체내섭취""라 함은 경구, 호흡구, 피부 또는 상처 등을 통하여 방사성 핵종이 인체내부로 들어오는 것을 말한다.",[내부피폭방사선량의 측정 및 산출에 관한 규정]
체액흡수,"""체액흡수""라 함은 섭취된 방사성 핵종이 혈액 및 세포액 등과 같은 체액에 흡수되는 것을 말한다.",[내부피폭방사선량의 측정 및 산출에 관한 규정]
섭취잔류량,"""섭취잔류량""이라 함은 방사성 핵종이 인체 내로 섭취된 다음 일정 기간 경과 후에도 소변, 대변 또는 땀 등을 통하여 체외로 배설되지 않고 인체에 남아 있는 양을 말한다.",[내부피폭방사선량의 측정 및 산출에 관한 규정]
배설률,"""배설률""이라 함은 인체 내에 섭취되었던 방사성 핵종이 장기나 조직으로부터 소변 및 대변 등을 통하여 체외로 단위시간당 배설되는 양을 말한다.",[내부피폭방사선량의 측정 및 산출에 관한 규정]
직접측정법,"""직접측정법""이라 함은 인체 내에 섭취된 방사성 핵종의 농도 및 그 양을 방사선측정기를 이용하여 직접 측정하는 방법을 말한다.",[내부피폭방사선량의 측정 및 산출에 관한 규정]
간접측정법,"""간접측정법""이라 함은 인체 내부로부터 배설 또는 분비되는 물질이나 타액 등에 존재하는 방사능의 양을 측정하여 인체 내에 섭취된 방사성 핵종의 농도 및 그 양을 측정하는 방법을 말한다.",[내부피폭방사선량의 측정 및 산출에 관한 규정]
방호비상,"""방호비상""이라 함은 핵물질의 불법이전이나 원자력시설등에 위협이 발생한 경우를 말한다.",[물리적방호규정등의 작성내용의 항목별 세부작성기준]
운반방호비상,"""운반방호비상""이라 함은 운반중인 핵물질의 불법이전이나 운반중인 핵물질에 위협이 발생한 경우를 말한다.",[물리적방호규정등의 작성내용의 항목별 세부작성기준]
주변지역,"""주변지역""이라 함은 다음 각목의 1의 시설이 설치되어 있거나 설치될 지점으로부터 반경 5킬로미터 이내의 육지 및 도서지역이 속하는 읍ㆍ면ㆍ동의 지역을 말한다. 다만, 수력발전소의 경우에는 발전과 관련이 있는 수계 또는 저수지와 접하고 있는 인근지역으로서 대통령령이 정하는 범위 안의 지역을 말한다.",[발전소주변지역지원에관한법률]
방사성폐기물관리시설,"""방사성폐기물관리시설""이라 함은 방사성폐기물을 발생시킨 자로부터 방사성폐기물을 인수하여 관리하기 위한 사용후핵연료중간저장시설, 방사성폐기물영구처분시설(사용후핵연료의 처리ㆍ영구처분시설을 제외한다) 및 관련부대시설을 말한다. [전문개정 1997.1.13]",[발전소주변지역지원에관한법률]
방사선기기,"""방사선기기""라 함은 방사선발생장치 또는 방사성동위원소가 내장된 기기를 말한다. 이 경우, 방사선의 방출특성에 영향을 미치는 모든 부속 장치를 포함하며, 운반 및 저장을 전용으로 하는 용기는 방사선기기로 간주하지 아니한다.",[방사선기기의 설계승인 및 검사에 관한 기준]
방사선원,"""방사선원""이라 함은 방사성동위원소 또는 방사선발생장치의 튜브와 같이 방사선을 발생시키는 선원을 말한다.",[방사선기기의 설계승인 및 검사에 관한 기준]
안전관련 품목,"""안전관련 품목""이라 함은 방사선작업종사자(이하 ""종사자""라 한다.) 및 일반인에게 의도하지 아니한 방사선 피폭을 초래할 수 있는 비정상적인 상황의 발생을 방지하거나 또는 그 결과를 경감시켜 주는 기능을 하는 구조, 계통 및 부품을 말한다.",[방사선기기의 설계승인 및 검사에 관한 기준]
비상안전기능,"""비상안전기능""이라 함은 특정 장치의 상태를 나타내는 지시기나 안전성을 견지하는 기타 요소들의 기능이 상실되는 경우에 방사선피폭으로부터 종사자를 보호하는 기능을 말한다.",[방사선기기의 설계승인 및 검사에 관한 기준]
연동장치,"""연동장치""라 함은 기기의 주요 기능들을 전기적 기계적으로 연동시켜 종사자가 방사선관리구역으로 허용되지 않은 접근을 하는 경우 직접 방사선방출을 제한하거나 종사자 접근을 물리적으로 제한하여 종사자를 보호하는 단위 시스템을 말한다.",[방사선기기의 설계승인 및 검사에 관한 기준]
선원용기,"""선원용기""라 함은 방사성동위원소를 방사선기기에 내장시키거나 수납시키는 기능을 가진 용기를 말한다.",[방사선기기의 설계승인 및 검사에 관한 기준]
격리,"""격리""라 함은 물리적으로 방사선을 차폐하거나 방사선원과의 거리를 확보하여 피폭방사선량을 저감하는 것을 말한다.",[방사선기기의 설계승인 및 검사에 관한 기준]
표면방사선량,"""표면방사선량""이라 함은 특수공구를 사용하지 아니하고 제거될 수 있는 방사선기기의 외부 부착물이 완전히 제거된 상태에서 신체 접촉이 가능한 방사선기기의 표면으로부터 10센티미터의 거리에서 측정한 방사선량을 말한다.",[방사선기기의 설계승인 및 검사에 관한 기준]
외부피폭,"""외부피폭""이라 함은 사람의 신체 외부에 있는 방사선원으로부터 방출된 방사선에 의한 피폭을 말한다.",[방사선방호등에관한기준]
내부피폭,"""내부피폭""이라 함은 사람의 신체 내부에 유입되어 체내에 존재하는 방사성핵종으로부터 방출되는 방사선에 의한 피폭을 말한다.",[방사선방호등에관한기준]
조사선량,"""조사선량""이라 함은 엑스선 또는 감마 방사선에 의하여 공기 단위 질량당 생성된 전하량을 말한다. 조사선량의 단위로 쿨롱/킬로그램(C/kg) 또는 렌트겐(Roentgen,R)이 사용되며, 1R은 2.58×10-4C/kg과 같다.",[방사선방호등에관한기준]
흡수선량,"""흡수선량""이라 함은 물질의 단위 질량당 흡수된 방사선의 에너지를 말한다. 흡수선량의 단위로 그레이(Gray, Gy)가 사용되며, 1Gy는 1 주울/킬로그램(J/kg)이다.",[방사선방호등에관한기준]
등가선량,"""등가선량""이라 함은 인체의 피폭선량을 나타낼 때 흡수선량에 당해 방사선의 방사선가중치를 곱한 양을 말한다. 등가선량의 단위로 시버트(Sievert,Sv)가 사용되며, 이때 사용할 방사선가중치는 별표1과 같다.",[방사선방호등에관한기준]
유효선량,"""유효선량""이라 함은 인체내 조직간 선량분포에 따른 위험 정도를 하나의 양으로 나타내기 위하여 각 조직의 등가선량에 해당 조직의 조직가중치를 곱하여 이를 모든 조직에 대해 합산한 양을 말한다. 유효선량의 단위로 시버트가 사용되며, 이때 사용할 조직가중치는 별표2와 같다.",[방사선방호등에관한기준]
집단선량,"""집단선량""이라 함은 다수의 사람이 피폭되는 경우에 그 집단의 개인피폭방사선량의 총합을 말한다. 집단선량의 단위로 맨 시버트(man-Sv)가 사용된다.",[방사선방호등에관한기준]
예탁선량,"""예탁선량""이라 함은 체내에 존재하는 방사성핵종으로 인하여 그 사람이 일정기간 받게되는 내부피폭방사선량을 말한다. 예탁선량은 예탁등가선량이나 예탁유효선량으로 나타낼 수 있으며, 피폭을 고려하는 기간이 사전 지정되어 있지 아니 할 경우에 일정기간은 성인에 대해서는 50년, 아동에 대해서는 70년으로 한다.",[방사선방호등에관한기준]
방사선안전관리통합정보망(이하 `통합정보망`이라 한다),"""방사선안전관리통합정보망(이하 `통합정보망`이라 한다)""이라 함은 방사성동위원소등의 이용과 관련된 기관을 네트워크로 구성하여 방사선안전관리에 대한 정보를 종합적으로 관리하는 망을 말한다.",[방사선방호등에관한기준]
방사선원,"""방사선원"" 이라 함은 방사선을 방출하는 물질로서 핵원료물질, 핵연료물질, 밀봉된 방사성동위원소, 밀봉되지 아니한 방사성동위원소 또는 방사선발생장치를 말한다.",[방사선안전관리등의교육·훈련에관한규정]
방사선투과검사,"""방사선투과검사""라 함은 엑스선발생장치 또는 감마선조사장치에서 발생하는 X-선, 감마선등을 방사선원으로 이용하는 비파괴 검사를 말한다.",[방사선안전관리등의교육·훈련에관한규정]
작업실,"""작업실""이라 함은 밀봉되지 아니한 방사성동위원소 또는 방사성동위원소에 의하여 오염된 물건으로서 밀봉되지 아니한 것을 사용 또는 포장하는 곳을 말한다.",[방사선안전관리등의기술기준에관한규칙] 
오염검사실,"""오염검사실""이라 함은 인체 또는 작업복·신발·보호구 등 인체에 착용하였던 물건의 표면이 방사성물질에 의하여 오염되었는지 여부를 검사하는 곳을 말한다.",[방사선안전관리등의기술기준에관한규칙] 
배수설비,"""배수설비""라 함은 액체상태의 방사성물질이나 그에 의하여 오염된 액체를 정화하거나 배출하는 설비로서 농축기·분리기·이온교환장치 등의 배출액처리장치 또는 저장탱크·희석탱크·여과탱크 등 배출액정화탱크의 배수관·배수구 등을 말한다.",[방사선안전관리등의기술기준에관한규칙] 
고형화처리설비,"""고형화처리설비""라 함은 방사성물질 등을 콘크리트 기타의 고형화 재료에 의하여 고형화하는 설비로서 분쇄장치·압축장치·혼합장치 또는 재포장장치 등을 말한다.",[방사선안전관리등의기술기준에관한규칙] 
외부방사선량률,"""외부방사선량률""이라 함은 인체 외부로부터 피폭되는 시간당 방사선량(밀리시버트/시간)을 말한다.",[방사선안전관리등의기술기준에관한규칙] 
저분산성방사성물질,"""저분산성방사성물질""이라 함은 분말형태가 아닌 고체이거나 밀봉된 캡슐에 내장되어 있어 분산성이 제한되는 방사성물질을 말한다.",[방사선안전관리등의기술기준에관한규칙] 
운반지수,"""운반지수""라 함은 운반물·덧포장·탱크 또는 화물컨테이너에 지정되는 등급으로서 방사선피폭에 대한 관리를 위하여 사용되는 수치를 말한다.",[방사선안전관리등의기술기준에관한규칙] 
핵임계안전지수,"""핵임계안전지수""라 함은 핵분열성물질이 들어 있는 운반물·덧포장·탱크 또는 화물컨테이너에 지정되는 등급으로서 운반물·덧포장·탱크 또는 화물컨테이너의 집적량을 관리하기 위하여 사용되는 수치를 말한다.",[방사선안전관리등의기술기준에관한규칙] 
사업소,"""사업소""(공장을 포함한다.)라 함은 방사성동위원소 또는 방사선발생장치의 사용·이동사용·판매를 위하여 등기부등본 또는 사업자등록증에 등재된 주소지에 설치한 사용시설, 분배시설, 저장시설, 보관시설, 처리시설 또는 배출시설이 위치한 건물과 그 건물의 부속건물 및 토지를 말한다.",[방사선안전보고서 작성지침] 
대단위사업,"""대단위사업""이라 함은 다음 각 목에 해당하는 사업을 말한다.",[방사선안전보고서 작성지침] 
방사선원,"""방사선원""이라 함은 원자력법시행령 제2조제3호에서 정의된 밀봉된 방사성동위원소(이하 ""밀봉선원""이라 한다.)로서 이 기준에 따라 누설점검을 하여야 하는 선원을 말한다. 다만, 다음 각목에서 정하는 방사선원은 제외한다.",[방사선원의 누설점검에 관한 기술기준] 
누설점검,"""누설점검""이라 함은 밀봉선원의 밀봉성능을 확인하기 위하여 이 기준에서 정하는 바에 따라 누설여부를 시험하는 것을 말한다.",[방사선원의 누설점검에 관한 기술기준] 
방사선,"""방사선""이라 함은 원자력법 제2조 제7호의 규정에 의한 방사선을 말한다.",[방사선작업종사자 등의 업무상질병 인정범위에 관한 규정
인과확률,"""인과확률""이라 함은 방사선작업종사자등에게 발생한 암이 방사선에 기인되었을 확률로서 다음 식으로 산출되는 값이다.",[방사선작업종사자 등의 업무상질병 인정범위에 관한 규정
방사성동위원소등,"""방사성동위원소등""이라 함은 방사성동위원소 또는 방사선발생장치를 말한다.",[방사성동위원소등의 생산에 관한 기준]
밀봉선원,"""밀봉선원""이라 함은 기계적인 강도가 충분하여 파손될 우려가 없고, 부식되기 어려운 재료로 된 용기에 넣은 방사성동위원소로서 사용할 때에 방사선은 용기외부로 방출하지만 방사성동위원소는 누출하지 못하도록 되어 있는 것을 말한다.",[방사성동위원소등의 생산에 관한 기준]
개봉선원,"""개봉선원""이라 함은 밀봉되지 아니한 방사성동위원소를 말한다.",[방사성동위원소등의 생산에 관한 기준]
특수형방사성물질,"""특수형방사성물질""이라 함은 견고한 고체형 방사성물질 또는 캡슐에 봉입된 방사성물질로서 원자력법시행규칙 제73조의2 및 과학기술부고시 제2001-23호(방사성물질등 포장 및 운반에 관한 규정) 제20조의 기준에 적합한 것을 말한다.",[방사성동위원소등의 생산에 관한 기준]
비차폐 선원,"""비차폐 선원""이라 함은 사용할 때 차폐체가 제거되어 있는 형태로 사용되는 밀봉선원을 말한다.",[방사성동위원소등의 생산에 관한 기준]
방사성내용물,"""방사성내용물""이란 방사성물질 등으로서 고체, 액체 또는 기체상태로 운반용기 안에 들어 있는 것을 말한다. (""방사성물질등의 포장 및 운반에 관한 규정""과 동일)",[방사성물질 운반용기의 제작검사 및 사용검사에 관한 규정]
운반용기,"""운반용기""란 방사성내용물을 완전히 포장하는데 필요한 구성품의 집합체를 말하며 특히, 하나 이상의 운반용기, 흡수재, 공간구조물, 방사선 차폐체, 충진·제거·배기 및 압력경감을 위한 장치, 냉각, 기계적 충격흡수, 취급 및 결속을 위한 장치, 열적 차폐체 및 포장물의 구성요소인 장치 등으로 구성된다. 운반용기는 상자, 드럼이나 유사용기일 수 있고, 화물컨테이너, 탱크 또는 중형 화물컨테이너일 수도 있다.",[방사성물질 운반용기의 제작검사 및 사용검사에 관한 규정]
운반물,"""운반물""이란 운반을 위해 제시된 방사성내용물이 들어있는 운반용기를 말한다. (""방사성물질등의 포장 및 운반에 관한 규정""과 동일)",[방사성물질 운반용기의 제작검사 및 사용검사에 관한 규정]
관계당국,"""관계당국""이란 방사성물질등의 포장 및 운반관련 규정과 관련한 목적을 위하여 지정되었거나 인정된 국내외의 규제기관 또는 당국을 말한다. (""방사성물질등의 포장 및 운반에 관한 규정""과 동일)",[방사성물질 운반용기의 제작검사 및 사용검사에 관한 규정]
방사성내용물,"""방사성내용물""이라 함은 방사성물질 등으로서 고체 ·액체 또는 기체상태로 운반용기 안에 들어 있는 것을 말한다.",[방사성물질등의 포장 및 운반에 관한 규정]
운반용기,"""운반용기""라 함은 방사성내용물을 완전히 포장하는데 필요한 부품의 집합체를 말한다.",[방사성물질등의 포장 및 운반에 관한 규정]
운반물,"""운반물""이라 함은 운반을 위해 제시된 방사성내용물이 들어있는 운반용기를 말한다.",[방사성물질등의 포장 및 운반에 관한 규정]
비방사능,"""비방사능""이라 함은 방사성 핵종의 단위질량당 방사능을 말한다.",[방사성물질등의 포장 및 운반에 관한 규정]
저준위비방사능물질,"""저준위비방사능물질""이라 함은 본질적으로 제한된 비방사능을 가지고 있는 방사성물질 또는 평균 비방사능의 제한치가 적용되는 방사성물질을 말한다. 다만, 평균 비방사능을 결정할 때에 저준위비방사능물질을 둘러싼 외부 차폐체는 고려하지 아니 한다.",[방사성물질등의 포장 및 운반에 관한 규정]
미조사(未照射) 토륨,"""미조사(未照射) 토륨""이라 함은 토륨-232의 1그램 당 천만분의 1그램 이하의 우라늄-233을 함유하고 있는 토륨을 말한다.",[방사성물질등의 포장 및 운반에 관한 규정]
미조사(未照射) 우라늄,"""미조사(未照射) 우라늄""이라 함은 다음 각 목의 1과 같다.",[방사성물질등의 포장 및 운반에 관한 규정]
천연우라늄,"""천연우라늄""이라 함은 화학적인 방법으로 분리된 우라늄으로서 그 중에 포함되어 있는 우라늄-235의 존재비가 천연의 존재비(질량비로 우라늄-238 : 99.28퍼센트, 우라늄-235 : 0.72퍼센트)와 같은 것을 말한다.",[방사성물질등의 포장 및 운반에 관한 규정]
감손우라늄,"""감손우라늄""이라 함은 우라늄-235의 존재비가 천연우라늄의 경우보다 작은 우라늄을 말한다.",[방사성물질등의 포장 및 운반에 관한 규정]
농축우라늄,"""농축우라늄""이라 함은 우라늄-235의 존재비가 천연우라늄의 경우보다 큰 우라늄을 말한다.",[방사성물질등의 포장 및 운반에 관한 규정]
저독성 알파방출체,"""저독성 알파방출체""라 함은 천연우라늄 ·감손우라늄 ·천연토륨 ·우라늄-235 ·우라늄-238 ·토륨-232 ·광석에 함유되어 있거나 물리적 및 화학적 농축상태의 토륨-228 및 토륨-230 또는 10일 이하의 반감기를 갖는 알파방출체 등을 말한다.",[방사성물질등의 포장 및 운반에 관한 규정]
오염,"""오염""이라 함은 베타선 ·감마선 및 저독성 알파방출체의 경우에는 제곱센티미터당 0.4베크렐을, 기타 알파선 방출체의 경우에는 제곱센티미터당 0.04베크렐를 초과하는 방사성물질이 물질의 표면에 존재하는 것을 말한다.",[방사성물질등의 포장 및 운반에 관한 규정]
제거성 오염,"""제거성 오염""이라 함은 일상적인 운반조건에서 운반물의 표면으로부터 제거될 수 있는 오염을 말한다.",[방사성물질등의 포장 및 운반에 관한 규정]
고착성 오염,"""고착성 오염""이라 함은 제거성오염 이외의 오염을 말한다.",[방사성물질등의 포장 및 운반에 관한 규정]
운반수단,"""운반수단""이라 함은 다음 각 목에 해당하는 운반에 사용되는 것을 말한다.",[방사성물질등의 포장 및 운반에 관한 규정]
덧포장,"""덧포장""이라 함은 취급 ·적재 및 운반의 편리를 위하여 하나 이상의 운반물을 하나의 취급단위로 통합하기 위하여 단일 송하인이 사용하는 상자 등의 수납체를 말한다.",[방사성물질등의 포장 및 운반에 관한 규정]
화물컨테이너,"""화물컨테이너""라 함은 중간에 재적재를 하지 아니하고, 하나 이상의 운반형태에 의하여 운반물을 용이하게 운반할 수 있도록 설계된 컨테이너를 말한다. 이 경우, 화물컨테이너는 재사용이 가능하도록 영구적 밀폐특성 ·견고성 및 강도를 유지하여야 하며, 특히 운반수단간의 이동 및 운반형태의 변경시 취급을 용이하게 하기 위한 장치가 부착되어 있어야 한다.",[방사성물질등의 포장 및 운반에 관한 규정]
탱크,"""탱크""라 함은 기체 또는 액체상태로 적재되거나 또는 연이어 응결되는 액체 ㅑ분말 ·과립 ·슬러리 또는 고화물 등을 운반하기 위한 450리터 이상 또는 기체를 운반하기 위한 1,000리터 이상의 탱크컨테이너 ·휴대용 탱크 ·도로용 탱크차량 ·철도용 탱크화물차량 또는 용기를 말한다. 이 경우, 탱크컨테이너는 육상 또는 해상수송이 가능하며 구조장치를 제거하지 아니하고 적재 및 하역이 가능하여야 하며, 셸의 외부에 안정부재 및 결속부착물이 있고, 또한 만재한 상태에서 인양할 수 있어야 한다.",[방사성물질등의 포장 및 운반에 관한 규정]
전용운반,"""전용운반""이라 함은 단일 송하인이 운반수단 ·탱크 또는 화물컨테이너를 독점적으로 사용하는 것으로서, 최초 ·중간 또는 최종 운반단계에서 적재 및 하역이 송하인 또는 수하인의 지시에 따라 수행되는 운반을 말한다.",[방사성물질등의 포장 및 운반에 관한 규정]
최대정상운전압력,"""최대정상운전압력""이라 함은 운반도중 통풍 또는 보조장치에 의한 외부냉각 또는 조절관리를 하지 아니한 경우에, 운반 주변조건에 상응하는 온도 및 태양광선의 상태에서 일년동안 격납계통 내에 형성되는 평균 해수면 상에서의 대기압 이상의 최대압력을 말한다.",[방사성물질등의 포장 및 운반에 관한 규정]
격납계통,"""격납계통""이라 함은 운반도중 방사성물질을 수납할 수 있도록 특별히 설계자가 지정한 운반용기 구성품의 집합체를 말한다.",[방사성물질등의 포장 및 운반에 관한 규정]
제한계통,"""제한계통""이라 함은 핵임계의 안전성을 유지하기 위한 목적으로 설계자가 지정하고 관계당국이 인정하는 핵분열성물질 및 운반용기 구성품의 집합체를 말한다.",[방사성물질등의 포장 및 운반에 관한 규정]
수하인,"""수하인""이라 함은 화물을 받는 개인이나 기관 또는 정부를 말한다.",[방사성물질등의 포장 및 운반에 관한 규정]
송하인,"""송하인""이란 함은 화물을 보내기 위하여 준비하는 개인이나 기관 또는 정부를 말한다.",[방사성물질등의 포장 및 운반에 관한 규정]
화물,"""화물""이라 함은 운반을 위하여 송하인이 제시하는 운반물 또는 방사성물질의 집합된 적하물을 말한다.",[방사성물질등의 포장 및 운반에 관한 규정]
관계당국,"""관계당국""이라 함은 방사성물질 등의 포장 및 운반관련 규정과 관련한 목적을 위하여 지정되었거나 인정된 국내 ·외의 규제기관 또는 당국을 말한다.",[방사성물질등의 포장 및 운반에 관한 규정]
편무승인,"""편무승인""이라 함은 설계 발원국가의 관계당국에 의하여 요구되는 설계에 대한 승인을 말한다.",[방사성물질등의 포장 및 운반에 관한 규정]
다변승인,"""다변승인""이라 함은 설계 또는 선적의 발원국가 및 화물이 통과 또는 도착되는 해당국가의 관계당국에 의한 승인을 말한다. 여기에서, ""통과 또는 도착""이란 특별히 영공통과를 배제하는 것으로서, 즉 방사성물질을 수송하는 항공기가 기착이 예정되지 않은 국가의 영공을 통과하는 경우에 해당국가에 대한 승인 및 통보요건은 적용하지 아니한다.",[방사성물질등의 포장 및 운반에 관한 규정]
허용기준,"""허용기준""이라 함은 원자력법 제84조제3항 및 시행령 제2조제35호의 규정에 따라 방사성폐기물의 자체처분을 허용할 수 있는 요건으로 과학기술부장관이 정하는 값을 말한다.",[방사성폐기물의 자체처분에 관한 규정]
처분제한치,"""처분제한치""라 함은 원자력법 제84조제2항에서 규정하는""과학기술부령이 정하는 종류 및 수량""으로 개인에 대한 연간 피폭방사선량이 10마이크로시버트 이상이거나 집단에 대한 연간 총 피폭방사선량이 l 맨 시버트 이상으로서 제3조에서 정하는 허용기준 및 핵종별 농도 이상을 말한다",[방사성폐기물의 자체처분에 관한 규정]
사용후핵연료 중간저장,"""사용후핵연료 중간저장""이라 함은 사용후핵연료가 발생한 부지이외의 폐기시설운영자의 사용후핵연료 중간저장시설에 사용후핵연료를 저장하는 것을 말한다.",[사용후핵연료 인도규정]
불가항력적인 사건,"""불가항력적인 사건""이라 함은 폐기시설운영자나 위탁자등의 통제가 불가능한 상태로서 범죄행위, 국가원수 또는 정부에 의한 불가피한 행위, 화재, 홍수, 지진 등의 천재지변, 전염병 격리지역, 파업, 비정상적인 기후 및 불가피한 운반수단의 사고 등을 말하며, 이로 인하여 사용후핵연료의 인도 또는 운반이 지연되는 것을 말한다.",[사용후핵연료 인도규정]
결함핵연료,"""결함핵연료""라 함은 집합체 또는 핵연료에 손상이 있어 취급, 운반 및 저장에 특별한 관리를 요하는 사용후핵연료를 말한다.",[사용후핵연료 인도규정]
물질수지구역,"""물질수지구역""이라 함은 국제원자력기구의 보장조치 목적상 물질수지가 결정될 수 있는 시설의 내부 또는 외부의 다음 각 목과 같은 지역을 의미한다.",[사용후핵연료 인도규정]
안전기능,"""안전기능""이라 함은 원자로의 안전정지, 정지상태의 유지 및 사고의 예방 또는 사고결과를 완화시키는 기능을 말한다.",[안전관련 펌프 및 밸브의 가동중 시험에 관한 규정]
가동중 시험,"""가동중 시험""이라 함은 원자로시설의 안전관련 펌프 및 밸브에 대한 안전기능 수행능력을 확인하고 원자로의 가동기간동안 시간의 경과에 따른 취약화 정도를 감시·평가하기 위한 시험을 말한다.",[안전관련 펌프 및 밸브의 가동중 시험에 관한 규정]
가동전 시험,"""가동전 시험""이라 함은 원자로시설의 안전관련 펌프 및 밸브에 대한 안전기능 수행 능력을 확인하고, 가동중 시험에 이용할 기준값을 설정하기 위하여 안전관련 기기 설치 후 실시하는 시험을 말한다.",[안전관련 펌프 및 밸브의 가동중 시험에 관한 규정]
기준값,"""기준값""이라 함은 펌프 및 밸브의 안전기능 수행능력 판정에 적용하기 위한 시험변수 설정치를 말한다.",[안전관련 펌프 및 밸브의 가동중 시험에 관한 규정]
능동밸브,"""능동밸브""라 함은 밀폐 장치가 동작하여 안전기능을 수행하는 밸브를 말한다.",[안전관련 펌프 및 밸브의 가동중 시험에 관한 규정]
수동밸브,"""수동밸브""라 함은 밀폐 장치 고정상태에서 안전기능을 수행하는 밸브를 말한다.",[안전관련 펌프 및 밸브의 가동중 시험에 관한 규정]
동작시험,"""동작시험""이라 함은 직접 감시 또는 간접 위치 표시에 의한 밸브 구동부의 기능을 확인하는 시험을 말한다.",[안전관련 펌프 및 밸브의 가동중 시험에 관한 규정]
전행정시간,"""전행정시간""이라 함은 밸브 작동신호 발생 시점으로부터 운전행정 완료를 나타내는 시점까지의 시간을 말한다.",[안전관련 펌프 및 밸브의 가동중 시험에 관한 규정]
범주 A 밸브,"""범주 A 밸브""라 함은 닫힘 상태에서 안전 기능 수행 중에 시트 누설이 규정량 이하로 제한되는 밸브를 말한다.",[안전관련 펌프 및 밸브의 가동중 시험에 관한 규정]
범주 B 밸브,"""범주 B 밸브""라 함은 닫힘 상태에서 시트 누설이 안전 기능 수행에 영향을 미치지 않는 밸브를 말한다.",[안전관련 펌프 및 밸브의 가동중 시험에 관한 규정]
범주 C 밸브,"""범주 C 밸브""라 함은 안전기능을 수행하기 위하여 압력이나, 유동방향 등의 계통 특성에 의하여 스스로 동작하는 밸브로 안전 및 방출밸브, 역지 밸브 등을 말한다.",[안전관련 펌프 및 밸브의 가동중 시험에 관한 규정]
범주 D 밸브,"""범주 D 밸브""라 함은 파열판과 같이 어떤 에너지원 발생 시 한번 작동하고 재사용이 불가능한 밸브를 말한다.",[안전관련 펌프 및 밸브의 가동중 시험에 관한 규정]
설계기준 성능,"""설계기준 성능""이라 함은 정상, 비정상, 설계기준 사고 시를 포함한 최악의 운전 조건에서의 기기의 성능을 말한다.",[안전관련 펌프 및 밸브의 가동중 시험에 관한 규정]
운전 여유도,"""운전 여유도""라 함은 설계기준 조건에서 밸브 구동기가 낼 수 있는 가용 성능과 밸브의 안전기능 수행에 요구되는 성능과의 차이를 말한다.",[안전관련 펌프 및 밸브의 가동중 시험에 관한 규정]
A군 펌프,"""A군 펌프""라 함은 발전소 정상운전, 저온 정지 혹은 핵연료 재장전 기간 중에 연속적으로 혹은 일상적으로 운전되는 펌프를 말한다.",[안전관련 펌프 및 밸브의 가동중 시험에 관한 규정]
B군 펌프,"""B군 펌프""라 함은 시험을 위한 운전 외에는 운전되지 않는 펌프를 말한다.",[안전관련 펌프 및 밸브의 가동중 시험에 관한 규정]
종합시험,"""종합시험""이라 함은 2년마다 A군 및 B군 펌프의 유량, 압력 및 진동을 확인하기 위해 실시하는 시험을 말한다.",[안전관련 펌프 및 밸브의 가동중 시험에 관한 규정]
비해체 시험,"""비해체 시험""이라 함은 기기를 분해하거나 경계에 영향을 미치지 않고 실시하는 진단시험을 말한다.",[안전관련 펌프 및 밸브의 가동중 시험에 관한 규정]
상태감시 프로그램,"""상태감시 프로그램""이라 함은 역지밸브 군의 성능을 계속 유지하기 위하여 예방보수 활동을 최적화한 방법을 말한다.",[안전관련 펌프 및 밸브의 가동중 시험에 관한 규정]
원자로의 종류,"""원자로의 종류""라 함은 발전용 원자로와 연구용 원자로등(교육용 원자로 포함)으로 분류함을 말한다.",[원자력관계 면허시험 시행에 따른 경력(교육훈련 포함)의 내용 및 산출방법 등에 관한 규정]
로형,"""로형""이라 함은 발전용 원자로형을 분류하는 것으로서 가압경수로형과 가압중수로형을 말한다.",[원자력관계 면허시험 시행에 따른 경력(교육훈련 포함)의 내용 및 산출방법 등에 관한 규정]
경력인정 대상자,"""경력인정 대상자""라 함은 별표2에 명시된 당해 면허 종류별 교육훈련을 수료한 자와 동등하게 실무경력이 인정되는 자를 말한다",[원자력관계 면허시험 시행에 따른 경력(교육훈련 포함)의 내용 및 산출방법 등에 관한 규정]
주민,"""주민""이라 함은 법 제104조의5 제1항의 규정에 의한 의견수렴 대상 주민으로서 해당 시설의 비상계획구역내의 주민 및 비상계획구역 경계를 포함하는 읍·면·동의 주민을 말한다.",[원자력관계시설 방사선환경영향평가서 작성등에 관한 규정] 
사업자,"""사업자""라 함은 원자력법 관계규정에 의거 제2조에서 정하는 원자력관계시설의 건설 운영허가 신청서류로 과학기술부장관에게 평가서를 제출하는 자를 말한다.",[원자력관계시설 방사선환경영향평가서 작성등에 관한 규정] 
수탁기관,"""수탁기관""이라 함은 법 제111조의 규정에 의하여 과학기술부장관(이하 ""장관""이라한다)으로부터 검사에 관한 업무를 위탁받은 기관을 말한다.",[원자력관계시설의 검사에 따른 지적사항 처리 및 관리에 관한 규정]
검사관,"""검사관""이라 함은 법에 의한 검사를 수행하는 과학기술부 소속 공무원(주재관을 포함한다)을 말한다.",[원자력관계시설의 검사에 따른 지적사항 처리 및 관리에 관한 규정]
주재관,"""주재관""이라 함은 과학기술부와 그 소속기관 직제 제12조에 의거 원자력시설의 안전규제에 관한 사무를 수행하기 위하여 원자력발전소 또는 방사성폐기물관리시설에 주재하는 과학기술부 소속 공무원을 말한다.",[원자력관계시설의 검사에 따른 지적사항 처리 및 관리에 관한 규정]
검사원,"""검사원""이라 함은 법 제111조제5항에서 정한 수탁업무처리규정에 따라 장관으로부터 위탁받은 검사업무를 수행하는 자로서 검사원증을 발급 받은 자를 말한다.",[원자력관계시설의 검사에 따른 지적사항 처리 및 관리에 관한 규정]
검사자,"""검사자""라 함은 검사관과 검사원을 말한다.",[원자력관계시설의 검사에 따른 지적사항 처리 및 관리에 관한 규정]
검사지적사항,"""검사지적사항""이라 함은 원자력안전과 관련된 법규·허가조건·기술기준·절차서 및 도면 등을 위반하거나 장관이 명한 것을 이행하지 아니하여 지적된 사항을 말한다.",[원자력관계시설의 검사에 따른 지적사항 처리 및 관리에 관한 규정]
권고사항,"""권고사항""이라 함은 검사지적사항은 아니나 원자력의 안전성 향상을 위하여 사업자의 개선 또는 보완이 요구되는 사항을 말한다.",[원자력관계시설의 검사에 따른 지적사항 처리 및 관리에 관한 규정]
사고,"""사고""라 함은 원자력관계시설이나 인체에 중대한 손상 또는 방사선 장해를 유발하는 것을 말한다.",[원자력관계시설의 사고 고장 발생시 보고에 관한 규정]
고장,"""고장""이라 함은 원자력관계시설이나 인체에 중요한 손상 또는 방사선 장해를 유발하지 않는 것으로서 계획되지 않은 원자로의 자동 또는 수동정지, 본 규정에서 정한 제한치를 초과하는 방출·오염·피폭, 원자력관계시설의 부분적인 정지 또는 오동작 등을 포함한다.",[원자력관계시설의 사고 고장 발생시 보고에 관한 규정]
원자로의 정지,"""원자로의 정지""라 함은 원자로가 영출력 이상의 출력운전상태에서 원자로의 상태가 미임계에 이르는 것을 말한다. 원자로가 임계상태에서 원자로보호계통이 수동 또는 자동으로 동작되는 경우를 포함한다",[원자력관계시설의 사고 고장 발생시 보고에 관한 규정]
고준위방사성폐기물,"""고준위방사성폐기물""이라 함은 방사성폐기물중 그 방사능농도 및 열발생률이 과학기술부장관이 정하는 값 이상인 방사성폐기물을 말하고, ""중ㆍ저준위방사성폐기물""이라 함은 고준위방사성폐기물외의 방사성폐기물을 말한다.",[원자력법 시행령] 
핵연료집합체,"""핵연료집합체""라 함은 원자로의 연료로 사용할 수 있는 형상을 갖춘 한 다발의 핵연료물질을 말한다.",[원자력법 시행령] 
밀봉된 방사성동위원소,"""밀봉된 방사성동위원소""라 함은 기계적인 강도가 충분하여 파손될 우려가 없고, 부식되기 어려운 재료로 된 용기에 넣은 방사성동위원소로서 사용할 때에 방사선은 용기외부로 방출하지만 방사성동위원소는 누출하지 못하도록 되어 있는 것을 말한다.",[원자력법 시행령] 
선량한도,"""선량한도""라 함은 외부에 피폭하는 방사선량과 내부에 피폭하는 방사선량을 합한 피폭방사선량의 상한값으로서 그 값은 별표 1과 같다.",[원자력법 시행령] 
허용표면오염도,"""허용표면오염도""라 함은 물체 또는 인체 표면의 방사성오염도로서 과학기술부장관이 정하는 허용오염도를 말한다.",[원자력법 시행령] 
보전구역,"""보전구역""이라 함은 원자력이용시설의 보전을 위하여 특별한 관리를 필요로 하는 장소를 말한다.",[원자력법 시행령] 
제한구역,"""제한구역""이라 함은 방사선관리구역 및 보전구역의 주변의 구역으로서 그 구역경계에서의 피폭방사선량이 과학기술부장관이 정하는 값을 초과할 우려가 있는 장소를 말한다.",[원자력법 시행령] 
수시출입자,"""수시출입자""라 함은 방사선관리구역에 업무상 출입하는 자(일시적으로 출입하는 자를 제외한다)로서 방사선작업종사자외의 자를 말한다.",[원자력법 시행령] 
영구처분,"""영구처분""이라 함은 방사성폐기물을 회수할 의도없이 인간의 생활권으로부터 영구히 격리하는 것을 말한다.",[원자력법 시행령] 
사용후핵연료 중간저장,"""사용후핵연료 중간저장""이라 함은 원자로의 연료로서 사용된 핵연료물질이나 기타의 방법으로 핵분열시킨 핵연료물질을 발생자로부터 인수하여 처리 또는 영구처분하기 전까지 일정기간 안전하게 저장하는 것을 말한다.",[원자력법 시행령] 
특수형방사성물질,"""특수형방사성물질""이라 함은 견고한 고체형 방사성물질 또는 캡슐에 봉입된 방사성물질로서 과학기술부장관이 정하는 운반기준에 적합한 것을 말한다.",[원자력법 시행령] 
자체처분,"""자체처분""이라 함은 법 제86조의 규정에 의한 원자력관계사업자(이하 ""원자력관계사업자""라 한다)가 발생시킨 방사성폐기물중 과학기술부장관이 정하는 값 미만의 방사성폐기물을 당해 원자력관계사업자가 소각ㆍ매립 또는 재활용등의 방법으로 처분하는 것을 말한다.",[원자력법 시행령] 
배출,"""배출""이라 함은 방사성물질 또는 그에 의하여 오염된 물질(이하 ""방사성물질등""이라 한다)로서 원자력이용시설에서 정상운전중에 발생한 액체상 또는 기체상의 방사성물질등을 과학기술부장관이 정하는 제한값 이내에서 배수시설 또는 배기시설을 통하여 계획적이고 통제된 상태하에서 외부로 내보내는 것을 말한다.",[원자력법 시행령] 
연간섭취한도,"""연간섭취한도""라 함은 방사선작업종사자가 1년동안 섭취할 경우 피폭방사선량이 선량한도에 이를 것으로 보이는 방사능의 양으로서 과학기술부장관이 정하는 값을 말한다.",[원자력법 시행령] 
유도공기중농도,"""유도공기중농도""라 함은 방사선작업종사자가 1년동안 흡입할 경우 방사능 섭취량이 연간섭취한도에 이를 것으로 보이는 공기중의 농도로서 과학기술부장관이 정하는 값을 말한다.",[원자력법 시행령] 
원자력,"""원자력""이라 함은 원자핵 변화의 과정에 있어서 원자핵으로부터 방출되는 모든 종류의 에너지를 말한다.",[원자력법]
핵물질,"""핵물질""이라 함은 핵연료물질 및 핵원료물질을 말한다.",[원자력법]
핵연료물질,"""핵연료물질""이라 함은 우라늄ㆍ토륨등 원자력을 발생할 수 있는 물질로서 대통령령이 정하는 것을 말한다.",[원자력법]
핵원료물질,"""핵원료물질""이라 함은 우라늄광ㆍ토륨광 기타 핵연료물질의 원료가 되는 물질로서 대통령령이 정하는 것을 말한다.",[원자력법]
방사성물질,"""방사성물질""이라 함은 핵연료물질ㆍ사용후핵연료ㆍ방사성동위원소 및 원자핵분렬생성물을 말한다.",[원자력법]
방사성동위원소,"""방사성동위원소""라 함은 방사선을 방출하는 동위원소와 그 화합물중 대통령령이 정하는 것을 말한다.",[원자력법]
방사선,"""방사선""이라 함은 전자파 또는 립자선중 직접 또는 간접으로 공기를 전리하는 능력을 가진 것으로서 대통령령이 정하는 것을 말한다.",[원자력법]
원자로,"""원자로""라 함은 핵연료물질을 연료로 사용하는 장치를 말한다. 다만, 대통령령이 정하는 것을 제외한다.",[원자력법]
방사선발생장치,"""방사선발생장치""라 함은 하전립자를 가속시켜 방사선을 발생시키는 장치로서 대통령령이 정하는 것을 말한다.",[원자력법]
관계시설,"""관계시설""이라 함은 원자로의 안전에 관계되는 시설로서 대통령령이 정하는 것을 말한다.",[원자력법]
정련,"""정련""이라 함은 핵원료물질에 포함된 우라늄 또는 토륨의 비율을 높이기 위하여 물리적ㆍ화학적방법으로 핵원료물질을 처리하는 것을 말한다.",[원자력법]
변환,"""변환""이라 함은 핵연료물질을 화학적방법으로 처리하여 가공에 적합한 형태로 만드는 것을 말한다.",[원자력법]
가공,"""가공""이라 함은 핵연료물질을 물리적ㆍ화학적방법으로 처리하여 원자로의 연료로서 사용할 수 있는 형태로 만드는 것을 말한다.",[원자력법]
사용후핵연료처리,"""사용후핵연료처리""라 함은 원자로의 연료로서 사용된 핵연료물질 또는 기타의 방법으로 원자핵분렬을 시킨 핵연료물질을 연구 또는 시험을 목적으로 취급하거나, 물리적ㆍ화학적방법으로 처리하여 핵연료물질과 기타의 물질로 분리하는 것을 말한다.",[원자력법]
핵연료주기사업,"""핵연료주기사업""이라 함은 정련ㆍ변환ㆍ가공 또는 사용후핵연료처리사업을 말한다.",[원자력법]
방사선관리구역,"""방사선관리구역""이라 함은 외부의 방사선양율, 공기중의 방사성물질의 농도 또는 방사성물질에 의하여 오염된 물질의 표면의 오염도가 과학기술부령이 정하는 값을 초과할 우려가 있는 곳으로서 방사선의 안전관리를 위하여 사람의 출입을 관리하고 출입자에 대하여 방사선의 장해를 방지하기 위한 조치가 필요한 구역을 말한다.",[원자력법]
국제규제물자,"""국제규제물자""라 함은 원자력의 연구ㆍ개발 및 이용에 관한 조약 기타 국제약속(이하 ""국제약속""이라 한다)에 따라 보장조치의 적용대상이 되는 물자로서 과학기술부령이 정하는 것을 말한다.",[원자력법]
방사성폐기물,"""방사성폐기물""이라 함은 방사성물질 또는 그에 의하여 오염된 물질(이하 ""방사성물질등""이라 한다)로서 폐기의 대상이 되는 물질(사용후핵연료를 포함한다)을 말한다.",[원자력법]
피폭방사선량,"""피폭방사선량""이라 함은 사람의 신체의 외부 또는 내부에 피폭하는 방사선량을 말한다. 다만, 진료를 위하여 피폭하는 방사선량과 인위적으로 증가시키지 아니하는 자연방사선량을 제외한다. 이 경우 방사선량의 종류 및 적용기준은 과학기술부장관이 정하여 고시한다.",[원자력법]
원자력이용시설,"""원자력이용시설""이라 함은 원자력의 이용과 관련된 시설로서 대통령령이 정하는 것을 말한다.",[원자력법]
방사선작업종사자,"""방사선작업종사자""라 함은 원자력이용시설의 운전ㆍ이용 또는 보전이나 방사성물질등의 사용ㆍ취급ㆍ저장ㆍ보관ㆍ처리ㆍ배출ㆍ처분ㆍ운반 기타 관리 또는 오염제거등 방사선에 피폭하거나 그 우려가 있는 업무에 종사하는 자를 말한다.",[원자력법]
표면방사선량률,"""표면방사선량률""이라 함은 방사성물질, 방사성물질을 내장한 용기 또는 장치, 방사선발생장치 및 방사선차폐체 등 방사선이 나오는 물체의 표면으로부터 10센티미터의 거리에서 측정한 방사선량률을 말한다.",[원자력법시행규칙]
핵분열성물질,"""핵분열성물질""이라 함은 우라늄 233, 우라늄 235, 플루토늄 239, 플루토늄 241 또는 이의 혼합물을 말한다. 다만, 조사(照射)되지 아니한 천연(天然)우라늄 또는 감손(減損)우라늄이나 열중성자로에서 조사된 천연우라늄 또는 감손우라늄을 제외한다.",[원자력법시행규칙]
배기설비,"""배기설비""라 함은 배기정화장치ㆍ배풍기 및 배기관 등 기체상태의 방사성물질 또는 그에 의하여 오염된 공기를 정화하거나 배출하는 설비를 말한다.",[원자력법시행규칙]
외부방재대책기관,"① ""외부방재대책기관""이라 함은 원자력시설등의방호및방사능방재대책법 시행령(이하 ""영""이라 한다) 제30조제2항의 규정에 의한 중앙행정기관, 지방자치단체 및 지정기관과 현장방사능방재지휘센터를 말한다.",[원자력사업자의 방사선비상계획 수립 등에 관한 기준]
부지,"② ""부지""라 함은 원자력시설이 설치된 구역으로서 울타리 등으로 외부 지역과 관할 경계가 구분된 지역을 말한다. 이 경우 둘 이상의 시·군·구를 관할구역으로 하는 부지의 경우에는 시·군·구별로 별개의 부지로 구분한다.",[원자력사업자의 방사선비상계획 수립 등에 관한 기준]
예상피폭선량,"③ ""예상피폭선량""이라 함은 실제 또는 예상되는 방사성물질의 방출시 옥외에서 아무런 방호조치 없이 계속 체류할 경우 예상되는 피폭선량을 말한다.",[원자력사업자의 방사선비상계획 수립 등에 관한 기준]
원자로의 운전등,"""원자로의 운전등""이라 함은 다음 각목의 1에 해당하는 것과 이에 부수하여 행하는 핵연료물질 또는 그에 의하여 오염된 것(원자핵분열생성물을 포함한다. 이하 같다)의 운반ㆍ저장 또는 폐기를 말한다.",[원자력손해배상법]
원자력손해,"""원자력손해""라 함은 핵연료물질의 원자핵분열과정의 작용 또는 핵연료물질이나 그에 의하여 오염된 것의 방사선작용 또는 독성적 작용에 의하여 생긴 손해(중대한 환경손상으로 인한 환경이용관련경제적 이익의 상실을 포함한다)와 다음 각목의 비용을 말한다. 다만, 당해 원자력사업자가 받은 손해와 당해 원자력사업자의 종업원이 업무상 받은 손해를 제외한다.",[원자력손해배상법]
원자력사업자,"""원자력사업자""라 함은 다음 각목의 자 또는 각목의 자이었던 자를 말한다.",[원자력손해배상법]
원자력사고,"""원자력사고""라 함은 원자력손해를 발생시키거나 발생하게 할 수 있는 중대하고도 긴박한 위험이 있는 사건(동일한 원인에 의한 일련의 사건을 포함한다)을 말한다.",[원자력손해배상법]
변환,"가. 우라늄(우라늄 235와 우라늄 238을 함유한 우라늄을 말한다)에 대한 우라늄 235의 비율이 천연혼합률을 초과하고 100분의 5에 미달하는 우라늄이나 그 화합물 또는 이들 물질의 1 이상을 함유한 물질로서 우라늄 235의 함유량이 2,000그램 이상인 핵연료물질의 변환<BR>나. 우라늄(우라늄 235와 우라늄 238을 함유한 우라늄을 말한다)에 대한 우라늄 235의 비율이 100분의 5 이상인 우라늄이나 그 화합물 또는 이들 물질의 1 이상을 함유한 물질로서 우라늄 235의 함유량이 800그램 이상인 핵연료물질의 변환<BR>다. 플루토늄이나 그 화합물 또는 이들 물질의 1 이상을 함유한 물질로서 플루토늄의 함유량이 500그램 이상인 핵연료물질의 변환",[원자력손해배상법시행령]
가공,가공 제1호가목 내지 다목에 해당하는 핵연료 물질의 가공,[원자력손해배상법시행령]
사용후 핵연료처리,가. 원자로의 연료로 사용한 핵연료물질등 원자핵분열을 시킨 핵연료물질을 연구 또는 시험을 목적으로 취급하는 사용후 핵연료처리 <BR>나. 원자로의 연료로 사용한 핵연료물질등 원자핵분열을 시킨 핵연료물질을 물리적ㆍ화학적방법으로 처리하여 핵연료물질과 기타의 물질로 분리하는 사용후 핵연료처리,[원자력손해배상법시행령]
핵연료물질의 사용,핵연료물질의 사용 제1호가목 내지 다목에 해당하는 핵연료물질의 사용,[원자력손해배상법시행령]
방사성폐기물의 저장 처리 처분,원자력법 제82조제1항제2호의 규정에 의한 방사성폐기물의 저장ㆍ처리 또는 처분,[원자력손해배상법시행령]
원자로의 운전등,"""원자로의 운전등""이라 함은 배상법 제2조제1항의 규정에 의한 원자로의 운전등을 말한다.",[원자력손해배상보상계약에관한법률] 
원자력손해,"""원자력손해""라 함은 배상법 제2조제2항의 규정에 의한 원자력손해를 말한다.",[원자력손해배상보상계약에관한법률] 
원자력사업자,"""원자력사업자""라 함은 배상법 제2조제3항의 규정에 의한 원자력사업자를 말한다.",[원자력손해배상보상계약에관한법률] 
손해배상조치,"""손해배상조치""라 함은 배상법 제5조의 규정에 의한 손해배상조치를 말한다.",[원자력손해배상보상계약에관한법률] 
배상조치액,"""배상조치액""이라 함은 배상법 제6조제1항의 규정에 의한 배상조치액을 말한다.",[원자력손해배상보상계약에관한법률] 
보험계약,"""보험계약""이라 함은 배상법 제7조의 규정에 의한 원자력손해배상책임보험계약을 말한다.",[원자력손해배상보상계약에관한법률] 
핵물질,"""핵물질""이라 함은 우라늄ㆍ토륨 등 원자력을 발생할 수 있는 물질과 우라늄광ㆍ토륨광 그 밖의 핵연료물질의 원료가 되는 물질중 대통령령이 정하는 것을 말한다.",[원자력시설등의방호및방사능방재대책법] 
원자력시설,"""원자력시설""이라 함은 발전용원자로, 연구용원자로, 핵연료주기시설, 방사성폐기물의 저장ㆍ처리ㆍ처분시설, 핵물질사용시설 그 밖에 대통령령이 정하는 원자력이용과 관련된 시설을 말한다.",[원자력시설등의방호및방사능방재대책법] 
물리적방호,"""물리적방호""라 함은 핵물질 및 원자력시설에 대한 내외적 위협을 사전에 방지하고, 위협이 발생한 경우 이를 신속하게 탐지하여 적절한 대응조치를 취하며, 사고로 인한 피해를 최소화하기 위한 일체의 조치를 말한다.",[원자력시설등의방호및방사능방재대책법] 
불법이전,"""불법이전""이라 함은 정당한 권한없이 핵물질을 수수ㆍ소지ㆍ소유ㆍ보관ㆍ사용ㆍ운반ㆍ개조ㆍ처분 또는 분산하는 것을 말한다.",[원자력시설등의방호및방사능방재대책법] 
사보타주,"""사보타주""라 함은 정당한 권한없이 방사성물질을 배출하거나 방사선을 노출하여 사람의 건강ㆍ안전 및 재산 또는 환경을 위태롭게 할 수 있는 다음 각목의 1에 해당하는 행위를 말한다",[원자력시설등의방호및방사능방재대책법] 
위협,"""위협""이라 함은 다음 각목의 1에 해당하는 것을 말한다.",[원자력시설등의방호및방사능방재대책법] 
방사선비상,"""방사선비상""이라 함은 방사성물질 또는 방사선이 누출되거나 누출될 우려가 있어 긴급한 대응조치가 필요한 상황을 말한다.",[원자력시설등의방호및방사능방재대책법] 
방사능재난,"""방사능재난""이라 함은 방사선비상이 국민의 생명과 재산 및 환경에 피해를 줄 수 있는 상황으로 확대되어 국가적 차원의 대처가 필요한 재난을 말한다.",[원자력시설등의방호및방사능방재대책법] 
방사선비상계획구역,"""방사선비상계획구역""이라 함은 원자력시설에서 방사선비상 또는 방사능재난이 발생할 경우 주민보호 등을 위하여 비상대책이 집중적으로 강구될 필요가 있어 대통령령이 정하는 구역을 말한다.",[원자력시설등의방호및방사능방재대책법] 
원자력사업자,"""원자력사업자""라 함은 다음 각목의 1에 해당하는 자를 말한다.",[원자력시설등의방호및방사능방재대책법] 
방호구역,"""방호구역""이라 함은 원자력시설등의방호및방사능방재대책법(이하 ""법""이라 한다) 제2조제1항제1호 및 제2호의 규정에 의한 핵물질 및 원자력시설(이하 ""원자력시설등""이라 한다)을 방호하기 위하여 물리적방벽으로 둘러싸여 있는 구역을 말한다.",[원자력시설등의방호및방사능방재대책법시행령] 
핵심구역,"""핵심구역""이라 함은 방호구역중 사보타주로 인하여 직접 또는 간접적으로 회복할 수 없는 방사선영향을 발생시킬 수 있는 원자력시설등을 방호하기 위하여 설정된 구역을 말한다.",[원자력시설등의방호및방사능방재대책법시행령] 
물리적방벽,"""물리적방벽""이라 함은 침입을 방지하거나 지연시키고 접근에 대한 통제를 보완하여 주는 울타리ㆍ장벽 또는 이와 유사한 장애물을 말한다.",[원자력시설등의방호및방사능방재대책법시행령] 
검출하한치,"""검출하한치""라 함은 사용한 환경조사 방법으로 측정 가능한 최소한의 방사능농도를 말한다.",[원자력이용시설 주변의 방사선환경조사 및 방사선환경영향평가에 관한 규정]
검출목표치,"""검출목표치""라 함은 사업자가 검출하한치를 만족하기 위하여 자체적으로 설정하는 검출목표 방사능 농도를 말한다.",[원자력이용시설 주변의 방사선환경조사 및 방사선환경영향평가에 관한 규정]
최소검출가능농도,"""최소검출가능농도""라 함은 방사능계측기, 시료량, 회수율, 계측시간 등의 계측조건에 따라 정해지는 검출가능한 최소 방사능 농도를 말한다.",[원자력이용시설 주변의 방사선환경조사 및 방사선환경영향평가에 관한 규정]
감시시험,"""감시시험""이라 함은 원자로 운전환경에서 중성자의 조사 및 온도에 의한 압력용기 노심영역재료의 기계적 성질변화를 감시하고, 이로 인한 압력용기 노심영역재료의 취약화를 예측하기 위한 일련의 시험을 말한다.",[원자로 압력용기 감시시험 기준] 
감시시험계획,"""감시시험계획""이라 함은 제1호의 감시시험을 체계적으로 수행하기 위하여 필요한 모든 계획을 말한다.",[원자로 압력용기 감시시험 기준] 
기준 무연성천이온도(RTNDT),"""기준 무연성천이온도(RTNDT)""라 함은 미국 기계학회(ASME)의 보일러 및 압력용기규격 ASME Sec. IlI NB-2330에 따라 정의되는 기준온도를 말한다.",[원자로 압력용기 감시시험 기준] 
기준 무연성천이온도의 변화량(ΔRTNDT),"""기준 무연성천이온도의 변화량(ΔRTNDT)""이라 함은 조사전의 샤르피충격시험곡선과 조사후의 샤르피충격시험곡선에서 각각 흡수에너지가 41J이 되는 온도를 구하여 그 온도의 차이로 정한 값을 말한다.",[원자로 압력용기 감시시험 기준] 
조사후 무연성천이온도(adjusted RTNDT),"""조사후 무연성천이온도(adjusted RTNDT)""라 함은 미국의 원자력규제위원회(NRC) 규제지침(Reg. Guides) 1.99에 따라 정의되는 온도를 말한다.",[원자로 압력용기 감시시험 기준] 
최대흡수에너지,"""최대흡수에너지""라 함은 천이구역 상단온도 이상에서 수행된 모든 샤르피시험편의 흡수에너지 평균값을 말한다. 각 시험온도에서 시험편 3개를 한 조로 할 경우에는 최대평균값을 갖는 조의 값이 최대흡수에너지로 정의될 수 있다.",[원자로 압력용기 감시시험 기준] 
천이구역,"""천이구역""이라 함은 샤르피충격시험곡선에서 온도가 증가함에 따라 인성이 급격히 증가하는 부분을 말한다.",[원자로 압력용기 감시시험 기준] 
선배율,"""선배율""이라 함은 압력용기 내벽중 중성자속이 최대가 되는 위치에서의 내벽에 대한 시험편의 중성자속비를 말한다.",[원자로 압력용기 감시시험 기준] 
유효전출력 가동연수(EFPY),"""유효전출력 가동연수(EFPY)""라 함은 산정 시점까지의 총 발전량을 설계상의 정격출력으로 하루 24시간씩 1년간 가동할 때의 발전량으로 나눈 값을 말한다.",[원자로 압력용기 감시시험 기준] 
가속화시험편,"""가속화시험편""이라 함은 중성자속이 높은 위치에 계획된 시험편 이외에 추가로 넣은 시험편을 말한다.",[원자로 압력용기 감시시험 기준] 
압력용기 노심영역(Beltline),"""압력용기 노심영역(Beltline)""이라 함은 원자로 노심의 유효높이 부분을 둘러싸고 있는 압력용기 해당부분과 중성자에 의한 손상을 충분히 받을 수 있을 것으로 예상되는 인근 부분을 포함하여 말한다.",[원자로 압력용기 감시시험 기준] 
용접열영향부,"""용접열영향부""라 함은 용접과정의 용접열로 인하여 모재의 미세조직이 변화된 용접선 밖의 모재부분을 말한다.",[원자로 압력용기 감시시험 기준] 
감시용기,"""감시용기""라 함은 감시시험에 필요한 시험재를 담아 원자로 내부에 부착하는 밀폐용기를 말한다.",[원자로 압력용기 감시시험 기준] 
조사전시험,"""조사전시험""이라 함은 감시시험 기초자료를 확보하기 위하여 조사전의 압력용기재료에 대하여 수행하는 시험을 말한다.",[원자로 압력용기 감시시험 기준] 
원자로 격납건물 기밀시험,"""원자로 격납건물 기밀시험""이라 함은 원자로 격납건물의 기밀성능을 확인하기 위한 누설률 측정시험을 말한다.",[원자로격납건물 기밀시험에 관한 기준]
종합 누설률시험,"""종합 누설률시험""이라 함은 설계기준사고 조건을 모의한 시험조건에서의 원자로격납건물의 전체 누설률을 측정하는 시험을 말한다.(""원자로격납건물 누설률시험에 관한 기준""과 동일)",[원자로격납건물 기밀시험에 관한 기준]
국부 누설률시험,"""국부 누설률시험""이라 함은 격납건물 관통부들의 누설률을 측정하는 시험을 말하며, 격납건물 격리밸브에 대한 누설률을 측정하는 `격리밸브 누설률시험`과 전기관통부·격납건물 출입구·핵연료이송관등의 누설률을 측정하는 `관통부 누설률시험`으로 구분한다.(""원자로격납건물 누설률시험에 관한 기준""과 동일)",[원자로격납건물 기밀시험에 관한 기준]
기준시험압력(Pa),"""기준시험압력(Pa)""이라 함은 설계기준사고 조건에서 계산된 격납건물의 최대압력을 말한다.(""원자로격납건물 누설률시험에 관한 기준""과 동일)",[원자로격납건물 기밀시험에 관한 기준]
허용누설률(La),"""허용누설률(La)""이라 함은 기준시험압력에서의 원자로격납건물의 누설률 제한치로서 운영기술지침서에서 정하는 수치를 말한다.(""원자로격납건물 누설률시험에 관한 기준""과 동일)",[원자로격납건물 기밀시험에 관한 기준]
보수전 누설률,"""보수전 누설률""이라 함은 어떠한 보수 또는 조정도 하지 않은 상태에서 측정된 누설률을 말한다.(""원자로격납건물 누설률시험에 관한 기준""과 동일)",[원자로격납건물 기밀시험에 관한 기준]
보수후 누설률,"""보수후 누설률""이라 함은 보수 또는 조정을 한 상태에서 측정된 누설률을 말한다.(""원자로격납건물 누설률시험에 관한 기준""과 동일)",[원자로격납건물 기밀시험에 관한 기준]
최대경로 누설률,"""최대경로 누설률""이라 함은 격납건물 관통부의 누설경로에 위치한 두개의 격리방벽 중에서 큰 누설률 값을 갖는 격리방벽의 누설률을 말한다.(""원자로격납건물 누설률시험에 관한 기준""과 동일)",[원자로격납건물 기밀시험에 관한 기준]
격납용기,"""격납용기""라 함은 원자로시설의 방사성물질이 환경으로 방출되는 것을 억제하는 원자로격납시설의 압력경계를 말한다.",[원자로격납건물 누설률시험에 관한 기준]
종합누설률시험,"""종합누설률시험""이라 함은 설계기준사고 조건을 모의한 시험조건에서의 원자로격납건물의 누설률을 측정하여 기밀성을 확인하는 시험을 말한다.",[원자로격납건물 누설률시험에 관한 기준]
국부누설률시험,"""국부누설률시험""이라 함은 격납건물 관통부들의 누설률을 측정하는 시험을 말하며, 격납건물 격리밸브에 대한 누설률을 측정하는 `격리밸브누설률시험`과 전기관통부·격납용기출입구·핵연료이송관등의 누설률을 측정하는 `관통부누설률시험`으로 구분한다.",[원자로격납건물 누설률시험에 관한 기준]
기준시험압력(Pa),"""기준시험압력(Pa)""이라 함은 설계기준사고 조건에서 계산된 격납건물의 최대압력을 말한다.",[원자로격납건물 누설률시험에 관한 기준]
허용누설률(La),"""허용누설률(La)""이라 함은 기준시험압력에서의 원자로격납건물의 누설률 제한치로서 운영기술지침서에서 정하는 수치를 말한다.",[원자로격납건물 누설률시험에 관한 기준]
보수전누설률,"""보수전누설률""이라 함은 어떠한 보수 또는 조정도 하지 않은 상태에서 측정된 누설률을 말한다.",[원자로격납건물 누설률시험에 관한 기준]
보수후누설률,"""보수후누설률""이라 함은 보수 또는 조정을 한 상태에서 측정된 누설률을 말한다.",[원자로격납건물 누설률시험에 관한 기준]
최대경로누설률,"""최대경로누설률""이라 함은 격납건물 관통부의 누설경로에 위치한 두개의 격리방벽 중에서 큰 누설률 값을 갖는 격리방벽의 누설률을 말한다.",[원자로격납건물 누설률시험에 관한 기준]
최심적설,"""최심적설""이란 강설기간 중 또는 강설기간 후 지면에 쌓인 눈의 최대깊이를 말한다.",[원자로시설 부지의 기상조건에 관한 조사·평가 기준]
회오리바람(토네이도),"""회오리바람(토네이도)""이란 지름이 수 미터에서 수백 미터까지의 강력한 저기압성 소용돌이로서 적란운의 바닥에서 지상까지 좁은 깔대기 모양을 이루는 기상현상을 말한다.",[원자로시설 부지의 기상조건에 관한 조사·평가 기준]
후지타-피어슨 규모(Fujita-Pearson Scale),"""후지타-피어슨 규모(Fujita-Pearson Scale)""란 토네이도에 의해 발생한 피해면적(진행거리 및 폭)과 피해상황을 기초로 하여 토네이도의 강도를 분류한 등급으로서 별표 1과 같다.",[원자로시설 부지의 기상조건에 관한 조사·평가 기준]
최대풍속,"""최대풍속""이란 관측된 풍속을 10분간 평균한 풍속 중 최대인 풍속을 말한다.",[원자로시설 부지의 기상조건에 관한 조사·평가 기준]
순간최대풍속,"""순간최대풍속""이란 관측된 풍속의 순간값 중 최대인 풍속을 말한다.",[원자로시설 부지의 기상조건에 관한 조사·평가 기준]
상당강우량,"""상당강우량""이란 강설량을 녹여 강우량으로 환산한 값을 말한다.",[원자로시설 부지의 기상조건에 관한 조사·평가 기준]
가능최대강수량,"""가능최대강수량""이라 함은 어떤 지역에서 생성될 수 있는 가장 극심한 기상조건하에서 발생가능한 호우로 인한 최대강수량을 말한다.",[원자로시설 부지의 수문 및 해양 특성에 관한 조사·평가 기준]
가능최대홍수,"""가능최대홍수""라 함은 가능최대강수량으로 인한 홍수를 말한다.",[원자로시설 부지의 수문 및 해양 특성에 관한 조사·평가 기준]
폭풍해일,"""폭풍해일""이라 함은 폭풍에 의한 강풍이나 기압의 급변 등의 기상적인 요인에 의해 해면이 평상시보다 두드러지게 높아지는 현상을 말한다.",[원자로시설 부지의 수문 및 해양 특성에 관한 조사·평가 기준]
지진해일,"""지진해일""이라 함은 지진에 의한 해저의 지각변동, 해저 화산의 폭발, 또는 해안에서의 대규모 산사태 등에 의해 일어나는 주기가 수분에서 수십분인 파랑을 말한다.",[원자로시설 부지의 수문 및 해양 특성에 관한 조사·평가 기준]
내압시험,"""내압시험""이라 함은 계통 또는 설비 등의 건전성을 확인하기 위하여 설계압력 이상에서 수행하는 압력시험으로서 액체시험매체에 의한 수압시험 또는 기체시험매체에 의한 기압시험을 말한다.",[원자로시설 주요부품의 내압시험에 관한 기준]
누설검사,"""누설검사""라 함은 수압시험 또는 기압시험을 수행한 후 기기·부품 또는 계통의 누설여부를 확인하는 검사를 말한다.",[원자로시설 주요부품의 내압시험에 관한 기준]
1차 냉각재,"""1차 냉각재""라 함은 원자로의 노심에서 발생하는 열을 직접 흡수하는 유체(流體)를 말한다.",[원자로시설등의기술기준에관한규칙]
2차 냉각재,"""2차 냉각재""라 함은 열교환기에 의하여 1차 냉각재의 열을 흡수하여 터빈을 돌리는 유체를 말한다.",[원자로시설등의기술기준에관한규칙]
안전설비,"""안전설비""라 함은 다음 각목의 1에 해당하는 설비로서 그 고장·손괴시 일반인에게 방사선장해를 직접 또는 간접으로 미칠 우려가 있는 것을 말한다.",[원자로시설등의기술기준에관한규칙]
원자로냉각재압력경계,"""원자로냉각재압력경계""라 함은 1차 냉각재로부터 압력을 받는 부분으로 압력용기·배관·펌프 및 밸브를 말하며, 그 외곽한계는 다음 각목에 해당하는 부품까지를 말한다.",[원자로시설등의기술기준에관한규칙]
안전에 중요한 구조물·계통 및 기기,"""안전에 중요한 구조물·계통 및 기기""라 함은 원자로시설중에서 안전에 중요한 설비로서 필수 안전기능을 수행하는 안전관련 설비와 고장시 안전관련 설비의 기능수행에 직접 영향을 미칠 수 있는 비안전관련 설비를 말한다.",[원자로시설등의기술기준에관한규칙]
정상운전,"""정상운전""이라 함은 규정된 운전제한조건 범위 안에서 수행되는 발전소운전으로서 출력운전(power operation)·원자로정지(reactor shutdown)·원자로정지운전(shutdown operation)·기동(startup)·보수·시험 및 핵연료재장전시의 발전소운전을 말한다.",[원자로시설등의기술기준에관한규칙]
예상운전과도(anticipated operational occurrence),"""예상운전과도(anticipated operational occurrence)""라 함은 정상운전은 아니나 안전에 중요한 영향을 미치는 원자로시설에 심각한 손상을 일으키지 아니하거나 사고상태로 진전되지 아니하는 상태로서 원자로시설의 수명기간 동안 수 차례 발생이 예상되는 운전상태를 말한다.",[원자로시설등의기술기준에관한규칙]
설계기준,"""설계기준""이라 함은 원자로시설의 원자력발전소 수명기간 동안 예상되는 운전상태 또는 사건에 대하여 원자로시설의 조건이 규정된 제한치를 초과하지 아니하도록 설정하는 기준으로서 원자로시설에 설치되는 설비들의 설계시 고려하여야 하는 최소한의 기능 또는 성능에 관한 기준을 말한다.",[원자로시설등의기술기준에관한규칙]
설계기준사고,"""설계기준사고""라 함은 설비가 설계기준에 적합하기 위하여 설비의 설계시 고려하여야 하는 사고를 말한다.",[원자로시설등의기술기준에관한규칙]
연료허용 손상한계,"""연료허용 손상한계""라 함은 정상운전 및 예상운전과도 동안에 핵연료의 손 상을 방지하기 위하여 핵비등이탈률(核沸騰離脫率)과 핵연료중심선온도 등에 대하여 설정하는 설계제한치를 말한다.",[원자로시설등의기술기준에관한규칙]
단일고장,"""단일고장""이라 함은 하나의 기기가 의도된 안전기능 수행능력을 상실하는 고장을 말하며, 그 고장에 의하여 연이어 발생하는 고장도 단일고장으로 본다.",[원자로시설등의기술기준에관한규칙]
단일전력-단일고장,"""단일전력-단일고장""이라 함은 발전소내·외의 전력원중 하나만 이용가능한 상태에서의 기기의 단일고장을 말한다.",[원자로시설등의기술기준에관한규칙]
초기시험,"""초기시험""이라 함은 원자로시설의 설치를 완료한 후 설치된 구조물·계통 및 기기가 설계시 의도된 기능 및 성능을 발휘하는지를 입증하기 위하여 상업운전 개시전까지 수행하는 시험을 말하는 것으로 핵연료장전 전에 수행되는 저온 및 고온 기능시험, 초기 핵연료장전시험, 초기 핵연료장전 후에 수행되는 초임계전시험·초임계시험·저출력시험·출력상승시험 등을 포함한다.",[원자로시설등의기술기준에관한규칙]
운전제한조건,"""운전제한조건""이라 함은 원자로시설이 안전한 상태를 유지하기 위한 최소한의 기능 또는 성능수준으로서 이를 충족하지 못하는 경우 개선조치가 취하여지거나 원자로를 정지시켜야 하는 조건을 말한다.",[원자로시설등의기술기준에관한규칙]
가동중 검사,"""가동중 검사""라 함은 원자로의 가동기간동안 시간의 경과에 따른 안전관련 설비의 취약화 정도를 감시 평가하기 위하여 발전용 원자로운영자가 수행하는 비파괴검사, 압력시험, 안전관련 설비의 보수 및 교체, 예상되지 않은 운전중 사건 평가 등을 말한다. 가동중 검사는 발전소 운영전에 수행하는 가동전 검사를 포함한다.",[원자로시설의 가동중 검사에 관한 규정]
안전관련 설비,"""안전관련 설비""라 함은 원자력발전소에서 원자로냉각재 압력경계의 건전성 확보, 원자로의 안전 정지 및 정지상태 유지, 방사선의 소외 피폭선량 제한치 초과에 대한 예방 또는 완화시키는 기능을 보유하고 안전등급으로 분류된 구조물, 계통 및 기기를 말한다.(""원자로시설의가동중점검및가동중시험에관한규정""과 동일)",[원자로시설의 가동중 검사에 관한 규정]
수탁기관,"""수탁기관""이라 함은 원자력법 제111조 제1항의 규정에 의거 위탁된 업무를 수행하는 기관을 말한다. (""원자력관계시설의 검사에 따른 지적사항 처리 및 관리에 관한 규정""과 동일)",[원자로시설의 가동중 검사에 관한 규정]
보수 및 교체,"""보수 및 교체""라 함은 안전관련 설비의 용접, 경납땜, 금속제거 및 품목이나 계통의 제거, 추가, 수정 등을 말한다.",[원자로시설의 가동중 검사에 관한 규정]
안전등급,"""안전등급""이라 함은 원자력안전기능에 따라 원자로시설의 설비에 부여한 등급을 말하며 안전등급 1, 2 및 3으로 분류한다.",[원자로시설의 안전등급과 등급별 규격에 관한 규정] 
비안전등급,"""비안전등급""이라 함은 안전등급 1, 2 또는 3에 속하지 아니하는 원자로시설의 설비에 부여한 등급을 말한다.",[원자로시설의 안전등급과 등급별 규격에 관한 규정] 
설비,"""설비""라 함은 한가지 이상의 기능을 갖는 기기 및 그 구성품이나 조립품, 계통 또는 구조물을 말한다.",[원자로시설의 안전등급과 등급별 규격에 관한 규정] 
안전기능,"""안전기능""이라 함은 원자력발전소에서 원자로냉각재 압력경계의 건전성 확보와 원자로의 안전정지 및 정지상태의 유지와 ""원자로시설의 위치·구조 및 설비에 관한 기술기준""에서 정한 소외피폭선량 제한치를 초과할 우려가 있는 상황을 예방하거나 완화시키는 기능을 말한다.",[원자로시설의 안전등급과 등급별 규격에 관한 규정] 
안전등급별 규격,"""안전등급별 규격""이라 함은 부여된 안전등급에 따라 설비의 재료·설계·제작·설치·검사 및 시험에 적용되는 요건을 말한다.",[원자로시설의 안전등급과 등급별 규격에 관한 규정] 
공유영역,"""공유영역""이라 함은 안전등급 1, 2, 3 또는 비안전등급의 설비가 다른 안전등급의 설비와 연결됨으로써 접촉하는 경계면을 말한다.",[원자로시설의 안전등급과 등급별 규격에 관한 규정] 
과압,"""과압""이란 열적 불균형, 과도한 펌프유량 및 기타 원인에 의한 계통압력의 증가로 설계압력을 초과하는 것을 말한다.",[원자로시설의 안전밸브 및 방출밸브에 관한 기준]
압력방출장치,"""압력방출장치""라 함은 계통내의 압력이 안전제한치 이상으로 상승되는 것을 방지하기 위하여 설정된 압력에 도달하면 자동으로 동작하는 장치를 말하며, 그 종류로는 안전밸브·방출밸브·안전방출밸브·동력구동압력방출밸브·파일럿붙이 압력방출밸브 및 개방형 압력방출장치가 있다.",[원자로시설의 안전밸브 및 방출밸브에 관한 기준]
안전 제한치,"""안전 제한치""라 함은 설계압력의 110%에 해당하는 압력으로 계통운전에서 허용하는 최대 압력을 말한다.",[원자로시설의 안전밸브 및 방출밸브에 관한 기준]
가동중 점검,"""가동중점검""이라 함은 원자로시설의 주요설비에 대하여 원자로의 가동 기간 동안 시간의 경과에 따른 취약화 정도를 감시 평가하기 위하여 발전용 원자로 운영자가 실시하는 검사를 말한다.",[원자로시설의가동중점검및가동중시험에관한규정]
가동중 시험,"""가동중시험""이라 함은 원자로시설의 주요 펌프 및 밸브에 대한 안전기능의 수행능력을 확인하고 원자로의 가동기간동안 시간의 경과에 따른 취약한 정도를 감시·평가하기 위하여 발전용원자로운영자가 실시하는 시험을 말한다.",[원자로시설의가동중점검및가동중시험에관한규정]
안전관련설비,"""안전관련설비""라 함은 원자력발전소에서 원자로냉각재 압력경계의 건전성 확보, 원자로의 안전정지 및 정지상태 유지, 방사선의 소외 피폭선량 제한치 초과에 대한 예방 또는 완화시키는 기능을 보유한 기기, 구성품 및 조립품, 계통 또는 구조물을 말한다.",[원자로시설의가동중점검및가동중시험에관한규정]
근접치료,"""근접치료""라 함은 밀봉선원을 이용하여 인체의 표면, 강내 또는 조직 내의 근접거리에서 방사선을 조사하는 방사선치료를 말한다.",[의료분야의 방사선 안전관리에 관한 기술기준]
처방선량,"""처방선량""이라 함은 방사선진료전문의가 방사선치료를 위하여 처방한 선량을 말한다.",[의료분야의 방사선 안전관리에 관한 기술기준]
사용자,"① ""사용자""란 이동사용의 허가를 받아 일시적인 사용장소에서 방사성동위원소 등 을 비파괴검사 업무에 사용하는 자를 말한다.",[일시적 사용장소의 변경신고에 관한 지침]
원자로시설의 기술기준,"""원자로시설의 기술기준""이라 함은 원자력법 제12조 및 제22조의 규정에 의한 원자로시설의 건설, 운영 허가기준 및 원자로시설등의기술기준에관한규칙 제3조 내지 제76조의 규정에 의한 기술기준에 근거하여 과학기술부장관이 원자로시설의 안전성 확인을 위하여 적용하는 기술기준을 말한다.",[전력산업기술기준의 원자로시설 기술기준 적용에 관한 지침] 
전력산업기술기준,"""전력산업기술기준""이라 함은 전력산업에 적용할 목적으로 개발된 산업기술기준으로서 대한전기협회에서 관리하는 기술기준을 말한다.",[전력산업기술기준의 원자로시설 기술기준 적용에 관한 지침] 
참조기준,"""참조기준""이라 함은 전력산업기술기준을 개발함에 있어 그 기술적 근거로 사용된 기술기준으로서 별표1의 ""참조기준""란에 기술된 것을 말한다.",[전력산업기술기준의 원자로시설 기술기준 적용에 관한 지침] 
내진설계,"""내진설계""라 함은 설계지진이 발생하더라도 안전에 중요한 구조물, 계통 및 기기가 안전하게 주어진 기능을 다할 수 있도록 설계하는 것을 말한다.",[중 저준위 방사성폐기물 천층처분시설의 구조 및 설비에 관한 기준]
설계지진,"""설계지진""이라 함은 안전에 관련되는 주요 구조물, 계통 및 기기의 건전성이 유지되도록 하기 위하여 설계시 설정하는 지진을 말한다.",[중 저준위 방사성폐기물 천층처분시설의 구조 및 설비에 관한 기준]
천연방벽,"""천연방벽""이라 함은 처분장의 지표 및 지하구조로서 방사성핵종의 이동을 지연시킬 수 있는 자연적인 방벽으로 토양 및 암반 등을 말한다. (""중·저준위방사성폐기물 천층처분시설의 위치에 관한 기술기준""과 동일)",[중 저준위 방사성폐기물 천층처분시설의 구조 및 설비에 관한 기준]
폐쇄 후 관리,"""폐쇄 후 관리""라 함은 폐쇄된 처분시설이 설계 성능을 유지하고 있음을 입증하기 위하여 수행되는 행위를 총칭하는 것으로서 처분부지의 환경감시, 접근제한, 보수작업 등의 능동적인 활동과 토지사용통제, 기록보관 등의 수동적인 활동을 모두 포함한다.",[중 저준위 방사성폐기물 천층처분시설의 구조 및 설비에 관한 기준]
소각용량,"""소각용량""이라 함은 kg당 4,000kcal 내지 6,000kcal의 소요열량을 갖는 소각물을 기준으로 소각설비에서 단위시간당 소각처리하는 폐기물의 양을 말한다.",[중·저준위 방사성폐기물 소각기준]
가열감량,"""가열감량""이라 함은 건조된 소각재를 650℃의 온도로 가열하였을 때 감소되는 무게를 백분율로 나타낸 값을 말한다.",[중·저준위 방사성폐기물 소각기준]
실증실험,"""실증실험""이라 함은 핵종 및 농도를 알고 있는 모의 방사성폐기물 또는 실제 방사성폐기물을 이용하여 성능을 실증하기 위하여 실시하는 시험소각을 말한다.",[중·저준위 방사성폐기물 소각기준]
2차 폐기물,"""2차 폐기물""이라 함은 방사성폐기물의 소각시 발생되는 고체, 액체 및 기체상의 부산물로서 소각재, 배출수, 배기가스 등을 포함한다.",[중·저준위 방사성폐기물 소각기준]
운전인자,"""운전인자""라 함은 소각공정 운전의 안전성을 결정하는 공정내 각 부위에서의 배기가스의 온도, 압력 및 유속 또는 유량을 말한다.",[중·저준위 방사성폐기물 소각기준]
폐기물 인수기준,"""폐기물 인수기준""이라 함은 소각로 및 배기가스 처리설비가 가지는 성능에 따라 안전하게 처리할 수 있는 대상 폐기물의 물리 화학적 조성 및 함유된 방사성 핵종별 농도의 제한값을 말한다.",[중·저준위 방사성폐기물 소각기준]
유리수,"""유리수""라 함은 포장물 내에서 물리 화학적으로 결합되어 있지 아니한 물을 말한다.",[중·저준위 방사성폐기물 인도규정]
킬레이트제등,"""킬레이트제등""이라 함은 킬레이트제 및 킬레이트 화합물로서, 유기물질과 결합하여 고리형 착화합물을 형성시켜 방사성핵종의 유동성을 촉진시키는 유기물질을 말한다.",[중·저준위 방사성폐기물 인도규정]
임계안전,"""임계안전""이라 함은 핵분열성 물질에 기인한 핵분열 연쇄반응이 더 이상 지속되지 아니하는 상태를 말한다.",[중·저준위 방사성폐기물 인도규정]
처분장,"""처분장""이란 폐기물을 처분하는 천층처분시설이 위치하는 장소를 말한다.",[중·저준위방사성폐기물 천층처분시설의 위치에 관한 기술기준]
천층처분,"""천층처분""이란 지표면과 가까이에 천연 방벽 또는 공학적 방벽으로 폐기물을 처분하는 것(동굴처분을 포함한다.)을 말한다.",[중·저준위방사성폐기물 천층처분시설의 위치에 관한 기술기준]
동굴처분,"""동굴처분""이란 암반 내 또는 지표면 하의 동굴에 천연 방벽 또는 공학적 방벽으로 폐기물을 처분하는 것을 말한다.",[중·저준위방사성폐기물 천층처분시설의 위치에 관한 기술기준]
천연방벽,"""천연방벽""이란 처분장의 지표 및 지하구조로서 방사성핵종의 이동을 지연시킬 수 있는 자연적인 방벽구조를 말하며, 폐기물 처분시설 또는 폐기물을 둘러싼 토양 및 암반 등을 포함한다.",[중·저준위방사성폐기물 천층처분시설의 위치에 관한 기술기준]
공학적 방벽,"""공학적 방벽""이란 폐기물 처분시설로부터 폐기물 및 방사성핵종의 이동을 지연시키거나 제한할 수 있는 인공구조를 말한다.",[중·저준위방사성폐기물 천층처분시설의 위치에 관한 기술기준]
표층수,"""표층수""란 담수·염수를 포함하여 지표면상에 존재하는 모든 물을 말한다.",[중·저준위방사성폐기물 천층처분시설의 위치에 관한 기술기준]
지하수,"""지하수""란 지표면 하에 존재하는 모든 물을 말한다.",[중·저준위방사성폐기물 천층처분시설의 위치에 관한 기술기준]
개인선량계,"""개인선량계""라 함은 개인의 피폭기록을 위하여 외부피폭선량을 측정할 수 있는 기구 (이하 ""선량계""라 한다)로서 필름선량계 또는 열형광선량계를 말한다.",[판독업무 등록기준 및 검사에 관한 규정]
자연방사선량,"""자연방사선량""이라 함은 방사선에 조사되지 않은 선량계로부터 판독한 선량을 말하며 다음의 식에 따라 산출되는 값으로 한다.",[판독업무 등록기준 및 검사에 관한 규정]
자연방사선량의 표준편차,자연방사선량의 표준편차를 말하며 다음의 식에 따라 산출되는 값으로 한다.,[판독업무 등록기준 및 검사에 관한 규정]
기준조사선량,선량계의 성능을 검사하기 위하여 국가표준연구기관 또는 국가교정검사기관에서 선량계에 조사한 선량을 말한다.,[판독업무 등록기준 및 검사에 관한 규정]
측정선량,선량계의 성능을 검사하기 위하여 기준조사선량을 조사한 선량계로부터 판독업무자가 판독한 선량을 말한다.,[판독업무 등록기준 및 검사에 관한 규정]
성능지수,기준조사선량에 대한 측정선량과 기준조사선량간의 차의 비를 말하며 다음의 식에 따라 산출되는 값으로 한다.,[판독업무 등록기준 및 검사에 관한 규정]
편중,성능지수의 평균치를 말하며 다음의 식에 따라 산출되는 값으로 한다.,[판독업무 등록기준 및 검사에 관한 규정]
표준편차,성능지수의 표준편차를 말하며 다음의 식에 따라 산출되는 값으로 한다.,[판독업무 등록기준 및 검사에 관한 규정]
성능지표,편중의 절대치와 표준편차의 합을 말하며 다음의 식에 따라 산출되는 값으로 한다.,[판독업무 등록기준 및 검사에 관한 규정]
허용준위,성능지표(Q)의 성능검사 범주별 허용범위를 말한다.,[판독업무 등록기준 및 검사에 관한 규정]
전문판독업무자,"""전문판독업무자""라 함은 일정한 수수료를 받을 목적으로 방사선작업종사자 등의 피폭선량 판독을 대행하기 위한 판독업무자를 말한다.",[판독업무 등록기준 및 검사에 관한 규정]
자체판독업무자,"""자체판독업무자""라 함은 원자력관계사업자로서 당해 원자력이용시설의 방사선작업종사자 등의 피폭선량 판독을 위한 판독업무자를 말한다.",[판독업무 등록기준 및 검사에 관한 규정]
주 판독기,"""주 판독기""라 함은 판독업무자가 보유하고 있는 성능검사에 합격한 판독기로서 방사선작업종사자 등에게 지급하였던 선량계를 일상적으로 판독하는 장비를 말한다.",[판독업무 등록기준 및 검사에 관한 규정]
부 판독기,"""부 판독기""라 함은 주 판독기의 고장 등으로 인하여 정상적인 판독업무가 불가능 할 경우 일시적으로 사용하기 위한 주 판독기와 동일한 성능을 갖춘 판독장비를 말한다.",[판독업무 등록기준 및 검사에 관한 규정]
불연(성)물질,"""불연(성)물질""이라 함은 화염이나 열에 의하여 점화되거나 연소되지도 않을 뿐만 아니라 연소를 돕거나 가연성 증기를 방출하지 않는 물질을 말한다.",[화재방호계획의 수립 및 이행에 관한 규정]
가연(성)물질,"""가연(성)물질""이라 함은 불연성물질의 정의에 속하지 아니하는 물질을 말한다.",[화재방호계획의 수립 및 이행에 관한 규정]
내화방벽,"""내화방벽""이라 함은 화재의 확산을 방지하기 위해 공인된 시험기관에서 화재저항력이 시간단위로 평가된 보, 들보, 기둥, 관통부 밀봉재나 마개, 방화문, 방화댐퍼 등을 포함한 건설자재(벽, 바닥 그리고 이들의 지지대)를 말한다.",[화재방호계획의 수립 및 이행에 관한 규정]
방화지역,"""방화지역""이라 함은 주어진 시간 동안 화재의 확산을 방지하기 위해 다른 지역과 내화방벽으로 분리된 건물의 부분을 말한다.",[화재방호계획의 수립 및 이행에 관한 규정]
방화구역,"""방화구역""이라 함은 가연성물질의 제한, 공간적인 격리 또는 화재진압설비에 의해 화재가 전파되지 않도록 방화지역을 세분한 부분을 말한다.",[화재방호계획의 수립 및 이행에 관한 규정]
설계기준화재,"""설계기준화재""라 함은 진화를 위해 어떠한 조치가 취해지지 않는 조건에서 화재가 성장하여 최대 연소율에 도달하는 상태를 말하며, 화재가 발생한 지역의 최대손상 가능성을 예측하는 척도로 사용된다.",[화재방호계획의 수립 및 이행에 관한 규정]
화재위험도분석(Fire Hazard Analysis),"""화재위험도분석(Fire Hazard Analysis)""이라 함은 화재발생시 원자로의 안전정지능력을 확보하고 환경으로의 방사성물질 누출가능성이 최소화됨을 입증하기 위하여, 각 방화지역별 가상 화재에 대한 위험성을 검토하고 화재예방 및 화재방호조치가 적합한지 평가하기 위한 정량적 또는 정성적인 위험도분석을 말한다.",[화재방호계획의 수립 및 이행에 관한 규정]
화재방호계획,"""화재방호계획""이라 함은 모든 화재방호활동을 수행하는데 필요한 기기나 절차, 인적자원 등에 대한 종합적인 계획 및 활동을 의미하며 계통이나 기기의 설계, 화재예방, 화재감지, 경보, 화재확산의 제한, 화재진압, 행정관리, 소방대 조직, 검사 및 보수, 훈련, 품질보증 및 시험 등을 포함한다.",[화재방호계획의 수립 및 이행에 관한 규정]
화재방호계획서,"""화재방호계획서""라 함은 운영자가 원자로 시설의 운영에 필요한 화재방호계획을 이행하기 위하여 작성한 문서를 말한다.",[화재방호계획의 수립 및 이행에 관한 규정]
초동소방대,"""초동소방대""라 함은 원자로 운전을 위해 교대근무를 하는 요원으로 구성되어 발전소 화재 발생시 초기에 화재를 진압하는 소방대를 말한다.",[화재방호계획의 수립 및 이행에 관한 규정]
불연(성)물질,"""불연(성)물질""이라 함은 화염이나 열에 의하여 점화되거나 연소되지도 않을 뿐만 아니라 연소를 돕거나 가연성 증기를 방출하지 않는 물질을 말한다. (""화재방호계획의 수립 및 이행에 관한 규정""과 동일)",[화재위험도분석에 관한 기술기준]
가연(성)물질,"""가연(성)물질""이라 함은 불연성물질의 정의에 속하지 아니하는 물질을 말한다.(""화재방호계획의 수립 및 이행에 관한 규정""과 동일)",[화재위험도분석에 관한 기술기준]
내화방벽,"""내화방벽""이라 함은 화재의 확산을 방지하기 위해 공인된 시험기관에서 화재저항력이 시간단위로 평가된 보, 들보, 기둥, 관통부 밀봉재나 마개, 방화문, 방화댐퍼 등을 포함한 건설자재(벽, 바닥 그리고 이들의 지지대)를 말한다.(""화재방호계획의 수립 및 이행에 관한 규정""과 동일)",[화재위험도분석에 관한 기술기준]
방화지역,"""방화지역""이라 함은 주어진 시간동안 화재의 확산을 방지하기 위해 다른 지역과 내화방벽으로 분리된 건물의 부분을 말한다.(""화재방호계획의 수립 및 이행에 관한 규정""과 동일)",[화재위험도분석에 관한 기술기준]
방화구역,"""방화구역""이라 함은 가연성물질의 제한, 공간적인 격리 또는 화재진압설비에 의해 화재가 전파되지 않도록 방화지역을 세분한 부분을 말한다.(""화재방호계획의 수립 및 이행에 관한 규정""과 동일)",[화재위험도분석에 관한 기술기준]
설계기준화재,"""설계기준화재""라 함은 진화를 위해 어떠한 조치가 취해지지 않는 조건에서 화재가 성장하여 최대 연소율에 도달하는 상태를 말하며, 화재가 발생한 지역의 최대손상 가능성을 예측하는 척도로 사용된다.(""화재방호계획의 수립 및 이행에 관한 규정""과 동일)",[화재위험도분석에 관한 기술기준]
화재위험도분석(Fire Hazard Analysis),"""화재위험도분석(Fire Hazard Analysis)""이라 함은 화재발생시 원자로의 안전정지능력을 확보하고 환경으로의 방사성물질 누출가능성이 최소화됨을 입증하기 위하여 각 방화지역별 가상 화재에 대한 위험성을 검토하고 화재예방 및 화재방호조치가 적합한지 평가하기 위한 정량적 또는 정성적인 위험도분석을 말한다. (""화재방호계획의 수립 및 이행에 관한 규정""과 동일)",[화재위험도분석에 관한 기술기준]
화재하중,"""화재하중""이란 화재의 규모를 판단하는 척도로서 방화지역에 있는 모든 가연성물질의 완전연소에 의해 발생되는 방화지역의 단위면적당 열량을 말한다.",[화재위험도분석에 관한 기술기준]
내화등급,"""내화등급""이란 어떤 자재나 조립품이 화염이나 고온에 노출된 상태에서 본래의 목적이나 기능을 유지할 수 있는 시간을 기준으로 정한 등급을 말한다.",[화재위험도분석에 관한 기술기준]